Date,Source,Site ID,POC,Daily Mean PM2.5 Concentration,UNITS,DAILY_AQI_VALUE,Site Name,DAILY_OBS_COUNT,PERCENT_COMPLETE,AQS_PARAMETER_CODE,AQS_PARAMETER_DESC,CBSA_CODE,CBSA_NAME,STATE_CODE,STATE,COUNTY_CODE,COUNTY,SITE_LATITUDE,SITE_LONGITUDE
1/1/2019,AQS,490530007,3,4.5,ug/m3 LC,19,,1,100,88101,PM2.5 - Local Conditions,41100,"St. George, UT",49,Utah,53,Washington,37.179125,-113.305096
1/2/2019,AQS,490530007,3,3.8,ug/m3 LC,16,,1,100,88101,PM2.5 - Local Conditions,41100,"St. George, UT",49,Utah,53,Washington,37.179125,-113.305096
1/3/2019,AQS,490530007,3,5.1,ug/m3 LC,21,,1,100,88101,PM2.5 - Local Conditions,41100,"St. George, UT",49,Utah,53,Washington,37.179125,-113.305096
1/4/2019,AQS,490530007,3,5,ug/m3 LC,21,,1,100,88101,PM2.5 - Local Conditions,41100,"St. George, UT",49,Utah,53,Washington,37.179125,-113.305096
1/5/2019,AQS,490530007,3,7.8,ug/m3 LC,33,,1,100,88101,PM2.5 - Local Conditions,41100,"St. George, UT",49,Utah,53,Washington,37.179125,-113.305096
1/6/2019,AQS,490530007,3,1.4,ug/m3 LC,6,,1,100,88101,PM2.5 - Local Conditions,41100,"St. George, UT",49,Utah,53,Washington,37.179125,-113.305096
1/7/2019,AQS,490530007,3,2.5,ug/m3 LC,10,,1,100,88101,PM2.5 - Local Conditions,41100,"St. George, UT",49,Utah,53,Washington,37.179125,-113.305096
1/8/2019,AQS,490530007,3,2,ug/m3 LC,8,,1,100,88101,PM2.5 - Local Conditions,41100,"St. George, UT",49,Utah,53,Washington,37.179125,-113.305096
1/9/2019,AQS,490530007,3,3.3,ug/m3 LC,14,,1,100,88101,PM2.5 - Local Conditions,41100,"St. George, UT",49,Utah,53,Washington,37.179125,-113.305096
1/10/2019,AQS,490530007,3,3.8,ug/m3 LC,16,,1,100,88101,PM2.5 - Local Conditions,41100,"St. George, UT",49,Utah,53,Washington,37.179125,-113.305096
1/11/2019,AQS,490530007,3,2.7,ug/m3 LC,11,,1,100,88101,PM2.5 - Local Conditions,41100,"St. George, UT",49,Utah,53,Washington,37.179125,-113.305096
1/12/2019,AQS,490530007,3,3.8,ug/m3 LC,16,,1,100,88101,PM2.5 - Local Conditions,41100,"St. George, UT",49,Utah,53,Washington,37.179125,-113.305096
1/13/2019,AQS,490530007,3,4.3,ug/m3 LC,18,,1,100,88101,PM2.5 - Local Conditions,41100,"St. George, UT",49,Utah,53,Washington,37.179125,-113.305096
1/14/2019,AQS,490530007,3,2.5,ug/m3 LC,10,,1,100,88101,PM2.5 - Local Conditions,41100,"St. George, UT",49,Utah,53,Washington,37.179125,-113.305096
1/15/2019,AQS,490530007,3,0.7,ug/m3 LC,3,,1,100,88101,PM2.5 - Local Conditions,41100,"St. George, UT",49,Utah,53,Washington,37.179125,-113.305096
1/16/2019,AQS,490530007,3,2,ug/m3 LC,8,,1,100,88101,PM2.5 - Local Conditions,41100,"St. George, UT",49,Utah,53,Washington,37.179125,-113.305096
1/17/2019,AQS,490530007,3,2.4,ug/m3 LC,10,,1,100,88101,PM2.5 - Local Conditions,41100,"St. George, UT",49,Utah,53,Washington,37.179125,-113.305096
1/18/2019,AQS,490530007,3,1,ug/m3 LC,4,,1,100,88101,PM2.5 - Local Conditions,41100,"St. George, UT",49,Utah,53,Washington,37.179125,-113.305096
1/19/2019,AQS,490530007,3,1.1,ug/m3 LC,5,,1,100,88101,PM2.5 - Local Conditions,41100,"St. George, UT",49,Utah,53,Washington,37.179125,-113.305096
1/20/2019,AQS,490530007,3,4.4,ug/m3 LC,18,,1,100,88101,PM2.5 - Local Conditions,41100,"St. George, UT",49,Utah,53,Washington,37.179125,-113.305096
1/21/2019,AQS,490530007,3,0.5,ug/m3 LC,2,,1,100,88101,PM2.5 - Local Conditions,41100,"St. George, UT",49,Utah,53,Washington,37.179125,-113.305096
1/22/2019,AQS,490530007,3,0.4,ug/m3 LC,2,,1,100,88101,PM2.5 - Local Conditions,41100,"St. George, UT",49,Utah,53,Washington,37.179125,-113.305096
1/23/2019,AQS,490530007,3,1.8,ug/m3 LC,8,,1,100,88101,PM2.5 - Local Conditions,41100,"St. George, UT",49,Utah,53,Washington,37.179125,-113.305096
1/24/2019,AQS,490530007,3,3,ug/m3 LC,13,,1,100,88101,PM2.5 - Local Conditions,41100,"St. George, UT",49,Utah,53,Washington,37.179125,-113.305096
1/25/2019,AQS,490530007,3,2.4,ug/m3 LC,10,,1,100,88101,PM2.5 - Local Conditions,41100,"St. George, UT",49,Utah,53,Washington,37.179125,-113.305096
1/26/2019,AQS,490530007,3,2,ug/m3 LC,8,,1,100,88101,PM2.5 - Local Conditions,41100,"St. George, UT",49,Utah,53,Washington,37.179125,-113.305096
1/27/2019,AQS,490530007,3,1.5,ug/m3 LC,6,,1,100,88101,PM2.5 - Local Conditions,41100,"St. George, UT",49,Utah,53,Washington,37.179125,-113.305096
1/28/2019,AQS,490530007,3,2.1,ug/m3 LC,9,,1,100,88101,PM2.5 - Local Conditions,41100,"St. George, UT",49,Utah,53,Washington,37.179125,-113.305096
1/29/2019,AQS,490530007,3,2.4,ug/m3 LC,10,,1,100,88101,PM2.5 - Local Conditions,41100,"St. George, UT",49,Utah,53,Washington,37.179125,-113.305096
1/30/2019,AQS,490530007,3,3.6,ug/m3 LC,15,,1,100,88101,PM2.5 - Local Conditions,41100,"St. George, UT",49,Utah,53,Washington,37.179125,-113.305096
1/31/2019,AQS,490530007,3,3.8,ug/m3 LC,16,,1,100,88101,PM2.5 - Local Conditions,41100,"St. George, UT",49,Utah,53,Washington,37.179125,-113.305096
2/1/2019,AQS,490530007,3,3.1,ug/m3 LC,13,,1,100,88101,PM2.5 - Local Conditions,41100,"St. George, UT",49,Utah,53,Washington,37.179125,-113.305096
2/2/2019,AQS,490530007,3,3.3,ug/m3 LC,14,,1,100,88101,PM2.5 - Local Conditions,41100,"St. George, UT",49,Utah,53,Washington,37.179125,-113.305096
2/3/2019,AQS,490530007,3,1.2,ug/m3 LC,5,,1,100,88101,PM2.5 - Local Conditions,41100,"St. George, UT",49,Utah,53,Washington,37.179125,-113.305096
2/4/2019,AQS,490530007,3,1.5,ug/m3 LC,6,,1,100,88101,PM2.5 - Local Conditions,41100,"St. George, UT",49,Utah,53,Washington,37.179125,-113.305096
2/5/2019,AQS,490530007,3,1,ug/m3 LC,4,,1,100,88101,PM2.5 - Local Conditions,41100,"St. George, UT",49,Utah,53,Washington,37.179125,-113.305096
2/6/2019,AQS,490530007,3,0.8,ug/m3 LC,3,,1,100,88101,PM2.5 - Local Conditions,41100,"St. George, UT",49,Utah,53,Washington,37.179125,-113.305096
2/7/2019,AQS,490530007,3,1.4,ug/m3 LC,6,,1,100,88101,PM2.5 - Local Conditions,41100,"St. George, UT",49,Utah,53,Washington,37.179125,-113.305096
2/8/2019,AQS,490530007,3,2.4,ug/m3 LC,10,,1,100,88101,PM2.5 - Local Conditions,41100,"St. George, UT",49,Utah,53,Washington,37.179125,-113.305096
2/9/2019,AQS,490530007,3,1.3,ug/m3 LC,5,,1,100,88101,PM2.5 - Local Conditions,41100,"St. George, UT",49,Utah,53,Washington,37.179125,-113.305096
2/10/2019,AQS,490530007,3,1.2,ug/m3 LC,5,,1,100,88101,PM2.5 - Local Conditions,41100,"St. George, UT",49,Utah,53,Washington,37.179125,-113.305096
2/11/2019,AQS,490530007,3,1.2,ug/m3 LC,5,,1,100,88101,PM2.5 - Local Conditions,41100,"St. George, UT",49,Utah,53,Washington,37.179125,-113.305096
2/12/2019,AQS,490530007,3,1.8,ug/m3 LC,8,,1,100,88101,PM2.5 - Local Conditions,41100,"St. George, UT",49,Utah,53,Washington,37.179125,-113.305096
2/13/2019,AQS,490530007,3,1.7,ug/m3 LC,7,,1,100,88101,PM2.5 - Local Conditions,41100,"St. George, UT",49,Utah,53,Washington,37.179125,-113.305096
2/14/2019,AQS,490530007,3,1.3,ug/m3 LC,5,,1,100,88101,PM2.5 - Local Conditions,41100,"St. George, UT",49,Utah,53,Washington,37.179125,-113.305096
2/15/2019,AQS,490530007,3,2.4,ug/m3 LC,10,,1,100,88101,PM2.5 - Local Conditions,41100,"St. George, UT",49,Utah,53,Washington,37.179125,-113.305096
2/16/2019,AQS,490530007,3,1.2,ug/m3 LC,5,,1,100,88101,PM2.5 - Local Conditions,41100,"St. George, UT",49,Utah,53,Washington,37.179125,-113.305096
2/17/2019,AQS,490530007,3,0.6,ug/m3 LC,3,,1,100,88101,PM2.5 - Local Conditions,41100,"St. George, UT",49,Utah,53,Washington,37.179125,-113.305096
2/18/2019,AQS,490530007,3,1.2,ug/m3 LC,5,,1,100,88101,PM2.5 - Local Conditions,41100,"St. George, UT",49,Utah,53,Washington,37.179125,-113.305096
2/19/2019,AQS,490530007,3,2.7,ug/m3 LC,11,,1,100,88101,PM2.5 - Local Conditions,41100,"St. George, UT",49,Utah,53,Washington,37.179125,-113.305096
2/20/2019,AQS,490530007,3,2.3,ug/m3 LC,10,,1,100,88101,PM2.5 - Local Conditions,41100,"St. George, UT",49,Utah,53,Washington,37.179125,-113.305096
2/21/2019,AQS,490530007,3,1.7,ug/m3 LC,7,,1,100,88101,PM2.5 - Local Conditions,41100,"St. George, UT",49,Utah,53,Washington,37.179125,-113.305096
2/22/2019,AQS,490530007,3,3.4,ug/m3 LC,14,,1,100,88101,PM2.5 - Local Conditions,41100,"St. George, UT",49,Utah,53,Washington,37.179125,-113.305096
2/23/2019,AQS,490530007,3,4,ug/m3 LC,17,,1,100,88101,PM2.5 - Local Conditions,41100,"St. George, UT",49,Utah,53,Washington,37.179125,-113.305096
2/24/2019,AQS,490530007,3,2.4,ug/m3 LC,10,,1,100,88101,PM2.5 - Local Conditions,41100,"St. George, UT",49,Utah,53,Washington,37.179125,-113.305096
2/25/2019,AQS,490530007,3,3.3,ug/m3 LC,14,,1,100,88101,PM2.5 - Local Conditions,41100,"St. George, UT",49,Utah,53,Washington,37.179125,-113.305096
2/26/2019,AQS,490530007,3,2.5,ug/m3 LC,10,,1,100,88101,PM2.5 - Local Conditions,41100,"St. George, UT",49,Utah,53,Washington,37.179125,-113.305096
2/27/2019,AQS,490530007,3,2.5,ug/m3 LC,10,,1,100,88101,PM2.5 - Local Conditions,41100,"St. George, UT",49,Utah,53,Washington,37.179125,-113.305096
2/28/2019,AQS,490530007,3,2.4,ug/m3 LC,10,,1,100,88101,PM2.5 - Local Conditions,41100,"St. George, UT",49,Utah,53,Washington,37.179125,-113.305096
3/1/2019,AQS,490530007,3,2.3,ug/m3 LC,10,,1,100,88101,PM2.5 - Local Conditions,41100,"St. George, UT",49,Utah,53,Washington,37.179125,-113.305096
3/2/2019,AQS,490530007,3,2.9,ug/m3 LC,12,,1,100,88101,PM2.5 - Local Conditions,41100,"St. George, UT",49,Utah,53,Washington,37.179125,-113.305096
3/3/2019,AQS,490530007,3,0.5,ug/m3 LC,2,,1,100,88101,PM2.5 - Local Conditions,41100,"St. George, UT",49,Utah,53,Washington,37.179125,-113.305096
3/4/2019,AQS,490530007,3,0.2,ug/m3 LC,1,,1,100,88101,PM2.5 - Local Conditions,41100,"St. George, UT",49,Utah,53,Washington,37.179125,-113.305096
3/5/2019,AQS,490530007,3,0.7,ug/m3 LC,3,,1,100,88101,PM2.5 - Local Conditions,41100,"St. George, UT",49,Utah,53,Washington,37.179125,-113.305096
3/6/2019,AQS,490530007,3,1.9,ug/m3 LC,8,,1,100,88101,PM2.5 - Local Conditions,41100,"St. George, UT",49,Utah,53,Washington,37.179125,-113.305096
3/7/2019,AQS,490530007,3,3.7,ug/m3 LC,15,,1,100,88101,PM2.5 - Local Conditions,41100,"St. George, UT",49,Utah,53,Washington,37.179125,-113.305096
3/8/2019,AQS,490530007,3,1.7,ug/m3 LC,7,,1,100,88101,PM2.5 - Local Conditions,41100,"St. George, UT",49,Utah,53,Washington,37.179125,-113.305096
3/9/2019,AQS,490530007,3,1.9,ug/m3 LC,8,,1,100,88101,PM2.5 - Local Conditions,41100,"St. George, UT",49,Utah,53,Washington,37.179125,-113.305096
3/10/2019,AQS,490530007,3,2.3,ug/m3 LC,10,,1,100,88101,PM2.5 - Local Conditions,41100,"St. George, UT",49,Utah,53,Washington,37.179125,-113.305096
3/11/2019,AQS,490530007,3,2.1,ug/m3 LC,9,,1,100,88101,PM2.5 - Local Conditions,41100,"St. George, UT",49,Utah,53,Washington,37.179125,-113.305096
3/12/2019,AQS,490530007,3,1.9,ug/m3 LC,8,,1,100,88101,PM2.5 - Local Conditions,41100,"St. George, UT",49,Utah,53,Washington,37.179125,-113.305096
3/13/2019,AQS,490530007,3,0.7,ug/m3 LC,3,,1,100,88101,PM2.5 - Local Conditions,41100,"St. George, UT",49,Utah,53,Washington,37.179125,-113.305096
4/26/2019,AQS,490530007,3,3.5,ug/m3 LC,15,,1,100,88101,PM2.5 - Local Conditions,41100,"St. George, UT",49,Utah,53,Washington,37.179125,-113.305096
4/27/2019,AQS,490530007,3,7.2,ug/m3 LC,30,,1,100,88101,PM2.5 - Local Conditions,41100,"St. George, UT",49,Utah,53,Washington,37.179125,-113.305096
4/28/2019,AQS,490530007,3,4.7,ug/m3 LC,20,,1,100,88101,PM2.5 - Local Conditions,41100,"St. George, UT",49,Utah,53,Washington,37.179125,-113.305096
4/29/2019,AQS,490530007,3,3.3,ug/m3 LC,14,,1,100,88101,PM2.5 - Local Conditions,41100,"St. George, UT",49,Utah,53,Washington,37.179125,-113.305096
4/30/2019,AQS,490530007,3,2.3,ug/m3 LC,10,,1,100,88101,PM2.5 - Local Conditions,41100,"St. George, UT",49,Utah,53,Washington,37.179125,-113.305096
5/1/2019,AQS,490530007,3,1.9,ug/m3 LC,8,,1,100,88101,PM2.5 - Local Conditions,41100,"St. George, UT",49,Utah,53,Washington,37.179125,-113.305096
5/2/2019,AQS,490530007,3,3.6,ug/m3 LC,15,,1,100,88101,PM2.5 - Local Conditions,41100,"St. George, UT",49,Utah,53,Washington,37.179125,-113.305096
5/3/2019,AQS,490530007,3,3.5,ug/m3 LC,15,,1,100,88101,PM2.5 - Local Conditions,41100,"St. George, UT",49,Utah,53,Washington,37.179125,-113.305096
5/4/2019,AQS,490530007,3,3.9,ug/m3 LC,16,,1,100,88101,PM2.5 - Local Conditions,41100,"St. George, UT",49,Utah,53,Washington,37.179125,-113.305096
5/5/2019,AQS,490530007,3,4.2,ug/m3 LC,18,,1,100,88101,PM2.5 - Local Conditions,41100,"St. George, UT",49,Utah,53,Washington,37.179125,-113.305096
5/6/2019,AQS,490530007,3,4.1,ug/m3 LC,17,,1,100,88101,PM2.5 - Local Conditions,41100,"St. George, UT",49,Utah,53,Washington,37.179125,-113.305096
5/7/2019,AQS,490530007,3,3.6,ug/m3 LC,15,,1,100,88101,PM2.5 - Local Conditions,41100,"St. George, UT",49,Utah,53,Washington,37.179125,-113.305096
5/8/2019,AQS,490530007,3,3.1,ug/m3 LC,13,,1,100,88101,PM2.5 - Local Conditions,41100,"St. George, UT",49,Utah,53,Washington,37.179125,-113.305096
5/9/2019,AQS,490530007,3,2.7,ug/m3 LC,11,,1,100,88101,PM2.5 - Local Conditions,41100,"St. George, UT",49,Utah,53,Washington,37.179125,-113.305096
5/10/2019,AQS,490530007,3,2.4,ug/m3 LC,10,,1,100,88101,PM2.5 - Local Conditions,41100,"St. George, UT",49,Utah,53,Washington,37.179125,-113.305096
5/11/2019,AQS,490530007,3,3.7,ug/m3 LC,15,,1,100,88101,PM2.5 - Local Conditions,41100,"St. George, UT",49,Utah,53,Washington,37.179125,-113.305096
5/12/2019,AQS,490530007,3,3,ug/m3 LC,13,,1,100,88101,PM2.5 - Local Conditions,41100,"St. George, UT",49,Utah,53,Washington,37.179125,-113.305096
5/13/2019,AQS,490530007,3,4,ug/m3 LC,17,,1,100,88101,PM2.5 - Local Conditions,41100,"St. George, UT",49,Utah,53,Washington,37.179125,-113.305096
5/14/2019,AQS,490530007,3,4.9,ug/m3 LC,20,,1,100,88101,PM2.5 - Local Conditions,41100,"St. George, UT",49,Utah,53,Washington,37.179125,-113.305096
5/15/2019,AQS,490530007,3,4.5,ug/m3 LC,19,,1,100,88101,PM2.5 - Local Conditions,41100,"St. George, UT",49,Utah,53,Washington,37.179125,-113.305096
5/16/2019,AQS,490530007,3,4.5,ug/m3 LC,19,,1,100,88101,PM2.5 - Local Conditions,41100,"St. George, UT",49,Utah,53,Washington,37.179125,-113.305096
5/17/2019,AQS,490530007,3,2.1,ug/m3 LC,9,,1,100,88101,PM2.5 - Local Conditions,41100,"St. George, UT",49,Utah,53,Washington,37.179125,-113.305096
5/18/2019,AQS,490530007,3,1.4,ug/m3 LC,6,,1,100,88101,PM2.5 - Local Conditions,41100,"St. George, UT",49,Utah,53,Washington,37.179125,-113.305096
5/19/2019,AQS,490530007,3,2.4,ug/m3 LC,10,,1,100,88101,PM2.5 - Local Conditions,41100,"St. George, UT",49,Utah,53,Washington,37.179125,-113.305096
5/20/2019,AQS,490530007,3,1,ug/m3 LC,4,,1,100,88101,PM2.5 - Local Conditions,41100,"St. George, UT",49,Utah,53,Washington,37.179125,-113.305096
5/21/2019,AQS,490530007,3,1.2,ug/m3 LC,5,,1,100,88101,PM2.5 - Local Conditions,41100,"St. George, UT",49,Utah,53,Washington,37.179125,-113.305096
5/22/2019,AQS,490530007,3,1.3,ug/m3 LC,5,,1,100,88101,PM2.5 - Local Conditions,41100,"St. George, UT",49,Utah,53,Washington,37.179125,-113.305096
5/23/2019,AQS,490530007,3,1.1,ug/m3 LC,5,,1,100,88101,PM2.5 - Local Conditions,41100,"St. George, UT",49,Utah,53,Washington,37.179125,-113.305096
5/24/2019,AQS,490530007,3,1.7,ug/m3 LC,7,,1,100,88101,PM2.5 - Local Conditions,41100,"St. George, UT",49,Utah,53,Washington,37.179125,-113.305096
5/25/2019,AQS,490530007,3,2,ug/m3 LC,8,,1,100,88101,PM2.5 - Local Conditions,41100,"St. George, UT",49,Utah,53,Washington,37.179125,-113.305096
5/26/2019,AQS,490530007,3,3.3,ug/m3 LC,14,,1,100,88101,PM2.5 - Local Conditions,41100,"St. George, UT",49,Utah,53,Washington,37.179125,-113.305096
5/27/2019,AQS,490530007,3,2.8,ug/m3 LC,12,,1,100,88101,PM2.5 - Local Conditions,41100,"St. George, UT",49,Utah,53,Washington,37.179125,-113.305096
5/28/2019,AQS,490530007,3,1.9,ug/m3 LC,8,,1,100,88101,PM2.5 - Local Conditions,41100,"St. George, UT",49,Utah,53,Washington,37.179125,-113.305096
5/29/2019,AQS,490530007,3,2.2,ug/m3 LC,9,,1,100,88101,PM2.5 - Local Conditions,41100,"St. George, UT",49,Utah,53,Washington,37.179125,-113.305096
5/30/2019,AQS,490530007,3,3.3,ug/m3 LC,14,,1,100,88101,PM2.5 - Local Conditions,41100,"St. George, UT",49,Utah,53,Washington,37.179125,-113.305096
5/31/2019,AQS,490530007,3,4.2,ug/m3 LC,18,,1,100,88101,PM2.5 - Local Conditions,41100,"St. George, UT",49,Utah,53,Washington,37.179125,-113.305096
6/1/2019,AQS,490530007,3,4.2,ug/m3 LC,18,,1,100,88101,PM2.5 - Local Conditions,41100,"St. George, UT",49,Utah,53,Washington,37.179125,-113.305096
6/2/2019,AQS,490530007,3,4.4,ug/m3 LC,18,,1,100,88101,PM2.5 - Local Conditions,41100,"St. George, UT",49,Utah,53,Washington,37.179125,-113.305096
6/3/2019,AQS,490530007,3,4.3,ug/m3 LC,18,,1,100,88101,PM2.5 - Local Conditions,41100,"St. George, UT",49,Utah,53,Washington,37.179125,-113.305096
6/4/2019,AQS,490530007,3,4.2,ug/m3 LC,18,,1,100,88101,PM2.5 - Local Conditions,41100,"St. George, UT",49,Utah,53,Washington,37.179125,-113.305096
6/5/2019,AQS,490530007,3,4.9,ug/m3 LC,20,,1,100,88101,PM2.5 - Local Conditions,41100,"St. George, UT",49,Utah,53,Washington,37.179125,-113.305096
6/6/2019,AQS,490530007,3,5.9,ug/m3 LC,25,,1,100,88101,PM2.5 - Local Conditions,41100,"St. George, UT",49,Utah,53,Washington,37.179125,-113.305096
6/7/2019,AQS,490530007,3,6.2,ug/m3 LC,26,,1,100,88101,PM2.5 - Local Conditions,41100,"St. George, UT",49,Utah,53,Washington,37.179125,-113.305096
6/8/2019,AQS,490530007,3,5.3,ug/m3 LC,22,,1,100,88101,PM2.5 - Local Conditions,41100,"St. George, UT",49,Utah,53,Washington,37.179125,-113.305096
6/9/2019,AQS,490530007,3,3.5,ug/m3 LC,15,,1,100,88101,PM2.5 - Local Conditions,41100,"St. George, UT",49,Utah,53,Washington,37.179125,-113.305096
6/10/2019,AQS,490530007,3,3.7,ug/m3 LC,15,,1,100,88101,PM2.5 - Local Conditions,41100,"St. George, UT",49,Utah,53,Washington,37.179125,-113.305096
6/11/2019,AQS,490530007,3,4.2,ug/m3 LC,18,,1,100,88101,PM2.5 - Local Conditions,41100,"St. George, UT",49,Utah,53,Washington,37.179125,-113.305096
6/12/2019,AQS,490530007,3,3.2,ug/m3 LC,13,,1,100,88101,PM2.5 - Local Conditions,41100,"St. George, UT",49,Utah,53,Washington,37.179125,-113.305096
6/13/2019,AQS,490530007,3,3.9,ug/m3 LC,16,,1,100,88101,PM2.5 - Local Conditions,41100,"St. George, UT",49,Utah,53,Washington,37.179125,-113.305096
6/14/2019,AQS,490530007,3,4.8,ug/m3 LC,20,,1,100,88101,PM2.5 - Local Conditions,41100,"St. George, UT",49,Utah,53,Washington,37.179125,-113.305096
6/15/2019,AQS,490530007,3,3.5,ug/m3 LC,15,,1,100,88101,PM2.5 - Local Conditions,41100,"St. George, UT",49,Utah,53,Washington,37.179125,-113.305096
6/16/2019,AQS,490530007,3,5.7,ug/m3 LC,24,,1,100,88101,PM2.5 - Local Conditions,41100,"St. George, UT",49,Utah,53,Washington,37.179125,-113.305096
6/17/2019,AQS,490530007,3,4.9,ug/m3 LC,20,,1,100,88101,PM2.5 - Local Conditions,41100,"St. George, UT",49,Utah,53,Washington,37.179125,-113.305096
6/18/2019,AQS,490530007,3,3.9,ug/m3 LC,16,,1,100,88101,PM2.5 - Local Conditions,41100,"St. George, UT",49,Utah,53,Washington,37.179125,-113.305096
6/19/2019,AQS,490530007,3,5.1,ug/m3 LC,21,,1,100,88101,PM2.5 - Local Conditions,41100,"St. George, UT",49,Utah,53,Washington,37.179125,-113.305096
6/20/2019,AQS,490530007,3,5.9,ug/m3 LC,25,,1,100,88101,PM2.5 - Local Conditions,41100,"St. George, UT",49,Utah,53,Washington,37.179125,-113.305096
6/21/2019,AQS,490530007,3,8.8,ug/m3 LC,37,,1,100,88101,PM2.5 - Local Conditions,41100,"St. George, UT",49,Utah,53,Washington,37.179125,-113.305096
6/22/2019,AQS,490530007,3,2.1,ug/m3 LC,9,,1,100,88101,PM2.5 - Local Conditions,41100,"St. George, UT",49,Utah,53,Washington,37.179125,-113.305096
6/23/2019,AQS,490530007,3,3.1,ug/m3 LC,13,,1,100,88101,PM2.5 - Local Conditions,41100,"St. George, UT",49,Utah,53,Washington,37.179125,-113.305096
6/24/2019,AQS,490530007,3,3.5,ug/m3 LC,15,,1,100,88101,PM2.5 - Local Conditions,41100,"St. George, UT",49,Utah,53,Washington,37.179125,-113.305096
6/25/2019,AQS,490530007,3,3.7,ug/m3 LC,15,,1,100,88101,PM2.5 - Local Conditions,41100,"St. George, UT",49,Utah,53,Washington,37.179125,-113.305096
6/26/2019,AQS,490530007,3,4.8,ug/m3 LC,20,,1,100,88101,PM2.5 - Local Conditions,41100,"St. George, UT",49,Utah,53,Washington,37.179125,-113.305096
6/27/2019,AQS,490530007,3,4.1,ug/m3 LC,17,,1,100,88101,PM2.5 - Local Conditions,41100,"St. George, UT",49,Utah,53,Washington,37.179125,-113.305096
6/28/2019,AQS,490530007,3,3.9,ug/m3 LC,16,,1,100,88101,PM2.5 - Local Conditions,41100,"St. George, UT",49,Utah,53,Washington,37.179125,-113.305096
6/29/2019,AQS,490530007,3,5.1,ug/m3 LC,21,,1,100,88101,PM2.5 - Local Conditions,41100,"St. George, UT",49,Utah,53,Washington,37.179125,-113.305096
6/30/2019,AQS,490530007,3,3.8,ug/m3 LC,16,,1,100,88101,PM2.5 - Local Conditions,41100,"St. George, UT",49,Utah,53,Washington,37.179125,-113.305096
7/1/2019,AQS,490530007,3,3.1,ug/m3 LC,13,,1,100,88101,PM2.5 - Local Conditions,41100,"St. George, UT",49,Utah,53,Washington,37.179125,-113.305096
7/2/2019,AQS,490530007,3,4.6,ug/m3 LC,19,,1,100,88101,PM2.5 - Local Conditions,41100,"St. George, UT",49,Utah,53,Washington,37.179125,-113.305096
7/3/2019,AQS,490530007,3,4.2,ug/m3 LC,18,,1,100,88101,PM2.5 - Local Conditions,41100,"St. George, UT",49,Utah,53,Washington,37.179125,-113.305096
7/4/2019,AQS,490530007,3,7.5,ug/m3 LC,31,,1,100,88101,PM2.5 - Local Conditions,41100,"St. George, UT",49,Utah,53,Washington,37.179125,-113.305096
7/5/2019,AQS,490530007,3,6.9,ug/m3 LC,29,,1,100,88101,PM2.5 - Local Conditions,41100,"St. George, UT",49,Utah,53,Washington,37.179125,-113.305096
7/6/2019,AQS,490530007,3,5.9,ug/m3 LC,25,,1,100,88101,PM2.5 - Local Conditions,41100,"St. George, UT",49,Utah,53,Washington,37.179125,-113.305096
7/7/2019,AQS,490530007,3,4.2,ug/m3 LC,18,,1,100,88101,PM2.5 - Local Conditions,41100,"St. George, UT",49,Utah,53,Washington,37.179125,-113.305096
7/8/2019,AQS,490530007,3,4.6,ug/m3 LC,19,,1,100,88101,PM2.5 - Local Conditions,41100,"St. George, UT",49,Utah,53,Washington,37.179125,-113.305096
7/9/2019,AQS,490530007,3,6.3,ug/m3 LC,26,,1,100,88101,PM2.5 - Local Conditions,41100,"St. George, UT",49,Utah,53,Washington,37.179125,-113.305096
7/10/2019,AQS,490530007,3,8.2,ug/m3 LC,34,,1,100,88101,PM2.5 - Local Conditions,41100,"St. George, UT",49,Utah,53,Washington,37.179125,-113.305096
7/11/2019,AQS,490530007,3,7.2,ug/m3 LC,30,,1,100,88101,PM2.5 - Local Conditions,41100,"St. George, UT",49,Utah,53,Washington,37.179125,-113.305096
7/12/2019,AQS,490530007,3,4.7,ug/m3 LC,20,,1,100,88101,PM2.5 - Local Conditions,41100,"St. George, UT",49,Utah,53,Washington,37.179125,-113.305096
7/13/2019,AQS,490530007,3,6.8,ug/m3 LC,28,,1,100,88101,PM2.5 - Local Conditions,41100,"St. George, UT",49,Utah,53,Washington,37.179125,-113.305096
7/14/2019,AQS,490530007,3,6.6,ug/m3 LC,28,,1,100,88101,PM2.5 - Local Conditions,41100,"St. George, UT",49,Utah,53,Washington,37.179125,-113.305096
7/15/2019,AQS,490530007,3,7.2,ug/m3 LC,30,,1,100,88101,PM2.5 - Local Conditions,41100,"St. George, UT",49,Utah,53,Washington,37.179125,-113.305096
7/16/2019,AQS,490530007,3,4.5,ug/m3 LC,19,,1,100,88101,PM2.5 - Local Conditions,41100,"St. George, UT",49,Utah,53,Washington,37.179125,-113.305096
7/17/2019,AQS,490530007,3,6,ug/m3 LC,25,,1,100,88101,PM2.5 - Local Conditions,41100,"St. George, UT",49,Utah,53,Washington,37.179125,-113.305096
7/18/2019,AQS,490530007,3,7.9,ug/m3 LC,33,,1,100,88101,PM2.5 - Local Conditions,41100,"St. George, UT",49,Utah,53,Washington,37.179125,-113.305096
7/19/2019,AQS,490530007,3,6.4,ug/m3 LC,27,,1,100,88101,PM2.5 - Local Conditions,41100,"St. George, UT",49,Utah,53,Washington,37.179125,-113.305096
7/20/2019,AQS,490530007,3,5,ug/m3 LC,21,,1,100,88101,PM2.5 - Local Conditions,41100,"St. George, UT",49,Utah,53,Washington,37.179125,-113.305096
7/21/2019,AQS,490530007,3,4.1,ug/m3 LC,17,,1,100,88101,PM2.5 - Local Conditions,41100,"St. George, UT",49,Utah,53,Washington,37.179125,-113.305096
7/22/2019,AQS,490530007,3,9.3,ug/m3 LC,39,,1,100,88101,PM2.5 - Local Conditions,41100,"St. George, UT",49,Utah,53,Washington,37.179125,-113.305096
7/23/2019,AQS,490530007,3,8.2,ug/m3 LC,34,,1,100,88101,PM2.5 - Local Conditions,41100,"St. George, UT",49,Utah,53,Washington,37.179125,-113.305096
7/24/2019,AQS,490530007,3,6.2,ug/m3 LC,26,,1,100,88101,PM2.5 - Local Conditions,41100,"St. George, UT",49,Utah,53,Washington,37.179125,-113.305096
7/25/2019,AQS,490530007,3,11,ug/m3 LC,46,,1,100,88101,PM2.5 - Local Conditions,41100,"St. George, UT",49,Utah,53,Washington,37.179125,-113.305096
7/26/2019,AQS,490530007,3,8.4,ug/m3 LC,35,,1,100,88101,PM2.5 - Local Conditions,41100,"St. George, UT",49,Utah,53,Washington,37.179125,-113.305096
7/27/2019,AQS,490530007,3,5.4,ug/m3 LC,23,,1,100,88101,PM2.5 - Local Conditions,41100,"St. George, UT",49,Utah,53,Washington,37.179125,-113.305096
7/28/2019,AQS,490530007,3,4,ug/m3 LC,17,,1,100,88101,PM2.5 - Local Conditions,41100,"St. George, UT",49,Utah,53,Washington,37.179125,-113.305096
7/29/2019,AQS,490530007,3,6,ug/m3 LC,25,,1,100,88101,PM2.5 - Local Conditions,41100,"St. George, UT",49,Utah,53,Washington,37.179125,-113.305096
7/30/2019,AQS,490530007,3,4.4,ug/m3 LC,18,,1,100,88101,PM2.5 - Local Conditions,41100,"St. George, UT",49,Utah,53,Washington,37.179125,-113.305096
7/31/2019,AQS,490530007,3,5.7,ug/m3 LC,24,,1,100,88101,PM2.5 - Local Conditions,41100,"St. George, UT",49,Utah,53,Washington,37.179125,-113.305096
8/1/2019,AQS,490530007,3,5.8,ug/m3 LC,24,,1,100,88101,PM2.5 - Local Conditions,41100,"St. George, UT",49,Utah,53,Washington,37.179125,-113.305096
8/2/2019,AQS,490530007,3,5.8,ug/m3 LC,24,,1,100,88101,PM2.5 - Local Conditions,41100,"St. George, UT",49,Utah,53,Washington,37.179125,-113.305096
8/3/2019,AQS,490530007,3,5.1,ug/m3 LC,21,,1,100,88101,PM2.5 - Local Conditions,41100,"St. George, UT",49,Utah,53,Washington,37.179125,-113.305096
8/4/2019,AQS,490530007,3,3.2,ug/m3 LC,13,,1,100,88101,PM2.5 - Local Conditions,41100,"St. George, UT",49,Utah,53,Washington,37.179125,-113.305096
8/5/2019,AQS,490530007,3,5.5,ug/m3 LC,23,,1,100,88101,PM2.5 - Local Conditions,41100,"St. George, UT",49,Utah,53,Washington,37.179125,-113.305096
8/6/2019,AQS,490530007,3,6.6,ug/m3 LC,28,,1,100,88101,PM2.5 - Local Conditions,41100,"St. George, UT",49,Utah,53,Washington,37.179125,-113.305096
8/7/2019,AQS,490530007,3,5.7,ug/m3 LC,24,,1,100,88101,PM2.5 - Local Conditions,41100,"St. George, UT",49,Utah,53,Washington,37.179125,-113.305096
8/8/2019,AQS,490530007,3,6.7,ug/m3 LC,28,,1,100,88101,PM2.5 - Local Conditions,41100,"St. George, UT",49,Utah,53,Washington,37.179125,-113.305096
8/9/2019,AQS,490530007,3,4.9,ug/m3 LC,20,,1,100,88101,PM2.5 - Local Conditions,41100,"St. George, UT",49,Utah,53,Washington,37.179125,-113.305096
8/10/2019,AQS,490530007,3,6.5,ug/m3 LC,27,,1,100,88101,PM2.5 - Local Conditions,41100,"St. George, UT",49,Utah,53,Washington,37.179125,-113.305096
8/11/2019,AQS,490530007,3,5.1,ug/m3 LC,21,,1,100,88101,PM2.5 - Local Conditions,41100,"St. George, UT",49,Utah,53,Washington,37.179125,-113.305096
8/12/2019,AQS,490530007,3,5.1,ug/m3 LC,21,,1,100,88101,PM2.5 - Local Conditions,41100,"St. George, UT",49,Utah,53,Washington,37.179125,-113.305096
8/13/2019,AQS,490530007,3,4.2,ug/m3 LC,18,,1,100,88101,PM2.5 - Local Conditions,41100,"St. George, UT",49,Utah,53,Washington,37.179125,-113.305096
8/14/2019,AQS,490530007,3,3.9,ug/m3 LC,16,,1,100,88101,PM2.5 - Local Conditions,41100,"St. George, UT",49,Utah,53,Washington,37.179125,-113.305096
8/15/2019,AQS,490530007,3,4.1,ug/m3 LC,17,,1,100,88101,PM2.5 - Local Conditions,41100,"St. George, UT",49,Utah,53,Washington,37.179125,-113.305096
8/16/2019,AQS,490530007,3,4.4,ug/m3 LC,18,,1,100,88101,PM2.5 - Local Conditions,41100,"St. George, UT",49,Utah,53,Washington,37.179125,-113.305096
8/17/2019,AQS,490530007,3,5.6,ug/m3 LC,23,,1,100,88101,PM2.5 - Local Conditions,41100,"St. George, UT",49,Utah,53,Washington,37.179125,-113.305096
8/18/2019,AQS,490530007,3,8.2,ug/m3 LC,34,,1,100,88101,PM2.5 - Local Conditions,41100,"St. George, UT",49,Utah,53,Washington,37.179125,-113.305096
8/19/2019,AQS,490530007,3,4.6,ug/m3 LC,19,,1,100,88101,PM2.5 - Local Conditions,41100,"St. George, UT",49,Utah,53,Washington,37.179125,-113.305096
8/20/2019,AQS,490530007,3,4.1,ug/m3 LC,17,,1,100,88101,PM2.5 - Local Conditions,41100,"St. George, UT",49,Utah,53,Washington,37.179125,-113.305096
8/21/2019,AQS,490530007,3,4.1,ug/m3 LC,17,,1,100,88101,PM2.5 - Local Conditions,41100,"St. George, UT",49,Utah,53,Washington,37.179125,-113.305096
8/22/2019,AQS,490530007,3,4.4,ug/m3 LC,18,,1,100,88101,PM2.5 - Local Conditions,41100,"St. George, UT",49,Utah,53,Washington,37.179125,-113.305096
8/23/2019,AQS,490530007,3,7.8,ug/m3 LC,33,,1,100,88101,PM2.5 - Local Conditions,41100,"St. George, UT",49,Utah,53,Washington,37.179125,-113.305096
8/24/2019,AQS,490530007,3,10.9,ug/m3 LC,45,,1,100,88101,PM2.5 - Local Conditions,41100,"St. George, UT",49,Utah,53,Washington,37.179125,-113.305096
8/25/2019,AQS,490530007,3,6.7,ug/m3 LC,28,,1,100,88101,PM2.5 - Local Conditions,41100,"St. George, UT",49,Utah,53,Washington,37.179125,-113.305096
8/26/2019,AQS,490530007,3,8.3,ug/m3 LC,35,,1,100,88101,PM2.5 - Local Conditions,41100,"St. George, UT",49,Utah,53,Washington,37.179125,-113.305096
8/27/2019,AQS,490530007,3,7.6,ug/m3 LC,32,,1,100,88101,PM2.5 - Local Conditions,41100,"St. George, UT",49,Utah,53,Washington,37.179125,-113.305096
8/28/2019,AQS,490530007,3,5.9,ug/m3 LC,25,,1,100,88101,PM2.5 - Local Conditions,41100,"St. George, UT",49,Utah,53,Washington,37.179125,-113.305096
8/29/2019,AQS,490530007,3,4.3,ug/m3 LC,18,,1,100,88101,PM2.5 - Local Conditions,41100,"St. George, UT",49,Utah,53,Washington,37.179125,-113.305096
8/30/2019,AQS,490530007,3,5.1,ug/m3 LC,21,,1,100,88101,PM2.5 - Local Conditions,41100,"St. George, UT",49,Utah,53,Washington,37.179125,-113.305096
8/31/2019,AQS,490530007,3,3.7,ug/m3 LC,15,,1,100,88101,PM2.5 - Local Conditions,41100,"St. George, UT",49,Utah,53,Washington,37.179125,-113.305096
9/1/2019,AQS,490530007,3,3.5,ug/m3 LC,15,,1,100,88101,PM2.5 - Local Conditions,41100,"St. George, UT",49,Utah,53,Washington,37.179125,-113.305096
9/2/2019,AQS,490530007,3,6.6,ug/m3 LC,28,,1,100,88101,PM2.5 - Local Conditions,41100,"St. George, UT",49,Utah,53,Washington,37.179125,-113.305096
9/3/2019,AQS,490530007,3,6.3,ug/m3 LC,26,,1,100,88101,PM2.5 - Local Conditions,41100,"St. George, UT",49,Utah,53,Washington,37.179125,-113.305096
9/4/2019,AQS,490530007,3,5,ug/m3 LC,21,,1,100,88101,PM2.5 - Local Conditions,41100,"St. George, UT",49,Utah,53,Washington,37.179125,-113.305096
9/5/2019,AQS,490530007,3,5.4,ug/m3 LC,23,,1,100,88101,PM2.5 - Local Conditions,41100,"St. George, UT",49,Utah,53,Washington,37.179125,-113.305096
9/6/2019,AQS,490530007,3,5.7,ug/m3 LC,24,,1,100,88101,PM2.5 - Local Conditions,41100,"St. George, UT",49,Utah,53,Washington,37.179125,-113.305096
9/7/2019,AQS,490530007,3,5.1,ug/m3 LC,21,,1,100,88101,PM2.5 - Local Conditions,41100,"St. George, UT",49,Utah,53,Washington,37.179125,-113.305096
9/8/2019,AQS,490530007,3,5.7,ug/m3 LC,24,,1,100,88101,PM2.5 - Local Conditions,41100,"St. George, UT",49,Utah,53,Washington,37.179125,-113.305096
9/9/2019,AQS,490530007,3,7.8,ug/m3 LC,33,,1,100,88101,PM2.5 - Local Conditions,41100,"St. George, UT",49,Utah,53,Washington,37.179125,-113.305096
9/10/2019,AQS,490530007,3,7.1,ug/m3 LC,30,,1,100,88101,PM2.5 - Local Conditions,41100,"St. George, UT",49,Utah,53,Washington,37.179125,-113.305096
9/11/2019,AQS,490530007,3,7,ug/m3 LC,29,,1,100,88101,PM2.5 - Local Conditions,41100,"St. George, UT",49,Utah,53,Washington,37.179125,-113.305096
9/12/2019,AQS,490530007,3,4.6,ug/m3 LC,19,,1,100,88101,PM2.5 - Local Conditions,41100,"St. George, UT",49,Utah,53,Washington,37.179125,-113.305096
9/13/2019,AQS,490530007,3,5.4,ug/m3 LC,23,,1,100,88101,PM2.5 - Local Conditions,41100,"St. George, UT",49,Utah,53,Washington,37.179125,-113.305096
9/14/2019,AQS,490530007,3,5.7,ug/m3 LC,24,,1,100,88101,PM2.5 - Local Conditions,41100,"St. George, UT",49,Utah,53,Washington,37.179125,-113.305096
9/15/2019,AQS,490530007,3,6.1,ug/m3 LC,25,,1,100,88101,PM2.5 - Local Conditions,41100,"St. George, UT",49,Utah,53,Washington,37.179125,-113.305096
9/16/2019,AQS,490530007,3,5.1,ug/m3 LC,21,,1,100,88101,PM2.5 - Local Conditions,41100,"St. George, UT",49,Utah,53,Washington,37.179125,-113.305096
9/17/2019,AQS,490530007,3,6.6,ug/m3 LC,28,,1,100,88101,PM2.5 - Local Conditions,41100,"St. George, UT",49,Utah,53,Washington,37.179125,-113.305096
9/18/2019,AQS,490530007,3,3.4,ug/m3 LC,14,,1,100,88101,PM2.5 - Local Conditions,41100,"St. George, UT",49,Utah,53,Washington,37.179125,-113.305096
9/19/2019,AQS,490530007,3,5,ug/m3 LC,21,,1,100,88101,PM2.5 - Local Conditions,41100,"St. George, UT",49,Utah,53,Washington,37.179125,-113.305096
9/20/2019,AQS,490530007,3,5.4,ug/m3 LC,23,,1,100,88101,PM2.5 - Local Conditions,41100,"St. George, UT",49,Utah,53,Washington,37.179125,-113.305096
9/21/2019,AQS,490530007,3,2.6,ug/m3 LC,11,,1,100,88101,PM2.5 - Local Conditions,41100,"St. George, UT",49,Utah,53,Washington,37.179125,-113.305096
9/22/2019,AQS,490530007,3,2.6,ug/m3 LC,11,,1,100,88101,PM2.5 - Local Conditions,41100,"St. George, UT",49,Utah,53,Washington,37.179125,-113.305096
9/23/2019,AQS,490530007,3,3.2,ug/m3 LC,13,,1,100,88101,PM2.5 - Local Conditions,41100,"St. George, UT",49,Utah,53,Washington,37.179125,-113.305096
9/24/2019,AQS,490530007,3,4.8,ug/m3 LC,20,,1,100,88101,PM2.5 - Local Conditions,41100,"St. George, UT",49,Utah,53,Washington,37.179125,-113.305096
9/25/2019,AQS,490530007,3,4.7,ug/m3 LC,20,,1,100,88101,PM2.5 - Local Conditions,41100,"St. George, UT",49,Utah,53,Washington,37.179125,-113.305096
9/26/2019,AQS,490530007,3,4.5,ug/m3 LC,19,,1,100,88101,PM2.5 - Local Conditions,41100,"St. George, UT",49,Utah,53,Washington,37.179125,-113.305096
9/27/2019,AQS,490530007,3,4,ug/m3 LC,17,,1,100,88101,PM2.5 - Local Conditions,41100,"St. George, UT",49,Utah,53,Washington,37.179125,-113.305096
9/28/2019,AQS,490530007,3,4.9,ug/m3 LC,20,,1,100,88101,PM2.5 - Local Conditions,41100,"St. George, UT",49,Utah,53,Washington,37.179125,-113.305096
9/29/2019,AQS,490530007,3,4.6,ug/m3 LC,19,,1,100,88101,PM2.5 - Local Conditions,41100,"St. George, UT",49,Utah,53,Washington,37.179125,-113.305096
9/30/2019,AQS,490530007,3,4,ug/m3 LC,17,,1,100,88101,PM2.5 - Local Conditions,41100,"St. George, UT",49,Utah,53,Washington,37.179125,-113.305096
10/1/2019,AQS,490530007,3,4.2,ug/m3 LC,18,,1,100,88101,PM2.5 - Local Conditions,41100,"St. George, UT",49,Utah,53,Washington,37.179125,-113.305096
10/2/2019,AQS,490530007,3,5.7,ug/m3 LC,24,,1,100,88101,PM2.5 - Local Conditions,41100,"St. George, UT",49,Utah,53,Washington,37.179125,-113.305096
10/3/2019,AQS,490530007,3,6.3,ug/m3 LC,26,,1,100,88101,PM2.5 - Local Conditions,41100,"St. George, UT",49,Utah,53,Washington,37.179125,-113.305096
10/4/2019,AQS,490530007,3,5.5,ug/m3 LC,23,,1,100,88101,PM2.5 - Local Conditions,41100,"St. George, UT",49,Utah,53,Washington,37.179125,-113.305096
10/5/2019,AQS,490530007,3,5.5,ug/m3 LC,23,,1,100,88101,PM2.5 - Local Conditions,41100,"St. George, UT",49,Utah,53,Washington,37.179125,-113.305096
10/6/2019,AQS,490530007,3,5.2,ug/m3 LC,22,,1,100,88101,PM2.5 - Local Conditions,41100,"St. George, UT",49,Utah,53,Washington,37.179125,-113.305096
10/7/2019,AQS,490530007,3,6.2,ug/m3 LC,26,,1,100,88101,PM2.5 - Local Conditions,41100,"St. George, UT",49,Utah,53,Washington,37.179125,-113.305096
10/8/2019,AQS,490530007,3,5.4,ug/m3 LC,23,,1,100,88101,PM2.5 - Local Conditions,41100,"St. George, UT",49,Utah,53,Washington,37.179125,-113.305096
10/9/2019,AQS,490530007,3,8.8,ug/m3 LC,37,,1,100,88101,PM2.5 - Local Conditions,41100,"St. George, UT",49,Utah,53,Washington,37.179125,-113.305096
10/10/2019,AQS,490530007,3,5.8,ug/m3 LC,24,,1,100,88101,PM2.5 - Local Conditions,41100,"St. George, UT",49,Utah,53,Washington,37.179125,-113.305096
10/11/2019,AQS,490530007,3,2.5,ug/m3 LC,10,,1,100,88101,PM2.5 - Local Conditions,41100,"St. George, UT",49,Utah,53,Washington,37.179125,-113.305096
10/12/2019,AQS,490530007,3,5.1,ug/m3 LC,21,,1,100,88101,PM2.5 - Local Conditions,41100,"St. George, UT",49,Utah,53,Washington,37.179125,-113.305096
10/13/2019,AQS,490530007,3,6.2,ug/m3 LC,26,,1,100,88101,PM2.5 - Local Conditions,41100,"St. George, UT",49,Utah,53,Washington,37.179125,-113.305096
10/14/2019,AQS,490530007,3,5.6,ug/m3 LC,23,,1,100,88101,PM2.5 - Local Conditions,41100,"St. George, UT",49,Utah,53,Washington,37.179125,-113.305096
10/15/2019,AQS,490530007,3,6.9,ug/m3 LC,29,,1,100,88101,PM2.5 - Local Conditions,41100,"St. George, UT",49,Utah,53,Washington,37.179125,-113.305096
10/16/2019,AQS,490530007,3,7.8,ug/m3 LC,33,,1,100,88101,PM2.5 - Local Conditions,41100,"St. George, UT",49,Utah,53,Washington,37.179125,-113.305096
10/17/2019,AQS,490530007,3,8.9,ug/m3 LC,37,,1,100,88101,PM2.5 - Local Conditions,41100,"St. George, UT",49,Utah,53,Washington,37.179125,-113.305096
10/18/2019,AQS,490530007,3,6.3,ug/m3 LC,26,,1,100,88101,PM2.5 - Local Conditions,41100,"St. George, UT",49,Utah,53,Washington,37.179125,-113.305096
10/19/2019,AQS,490530007,3,5.8,ug/m3 LC,24,,1,100,88101,PM2.5 - Local Conditions,41100,"St. George, UT",49,Utah,53,Washington,37.179125,-113.305096
10/20/2019,AQS,490530007,3,4.4,ug/m3 LC,18,,1,100,88101,PM2.5 - Local Conditions,41100,"St. George, UT",49,Utah,53,Washington,37.179125,-113.305096
10/21/2019,AQS,490530007,3,16.7,ug/m3 LC,61,,1,100,88101,PM2.5 - Local Conditions,41100,"St. George, UT",49,Utah,53,Washington,37.179125,-113.305096
10/22/2019,AQS,490530007,3,6.5,ug/m3 LC,27,,1,100,88101,PM2.5 - Local Conditions,41100,"St. George, UT",49,Utah,53,Washington,37.179125,-113.305096
10/23/2019,AQS,490530007,3,9.1,ug/m3 LC,38,,1,100,88101,PM2.5 - Local Conditions,41100,"St. George, UT",49,Utah,53,Washington,37.179125,-113.305096
10/24/2019,AQS,490530007,3,6.5,ug/m3 LC,27,,1,100,88101,PM2.5 - Local Conditions,41100,"St. George, UT",49,Utah,53,Washington,37.179125,-113.305096
10/25/2019,AQS,490530007,3,5.9,ug/m3 LC,25,,1,100,88101,PM2.5 - Local Conditions,41100,"St. George, UT",49,Utah,53,Washington,37.179125,-113.305096
10/26/2019,AQS,490530007,3,5.3,ug/m3 LC,22,,1,100,88101,PM2.5 - Local Conditions,41100,"St. George, UT",49,Utah,53,Washington,37.179125,-113.305096
10/27/2019,AQS,490530007,3,14.4,ug/m3 LC,56,,1,100,88101,PM2.5 - Local Conditions,41100,"St. George, UT",49,Utah,53,Washington,37.179125,-113.305096
10/28/2019,AQS,490530007,3,5.1,ug/m3 LC,21,,1,100,88101,PM2.5 - Local Conditions,41100,"St. George, UT",49,Utah,53,Washington,37.179125,-113.305096
10/29/2019,AQS,490530007,3,9.5,ug/m3 LC,40,,1,100,88101,PM2.5 - Local Conditions,41100,"St. George, UT",49,Utah,53,Washington,37.179125,-113.305096
10/30/2019,AQS,490530007,3,5.1,ug/m3 LC,21,,1,100,88101,PM2.5 - Local Conditions,41100,"St. George, UT",49,Utah,53,Washington,37.179125,-113.305096
10/31/2019,AQS,490530007,3,9.4,ug/m3 LC,39,,1,100,88101,PM2.5 - Local Conditions,41100,"St. George, UT",49,Utah,53,Washington,37.179125,-113.305096
11/1/2019,AQS,490530007,3,12.7,ug/m3 LC,52,,1,100,88101,PM2.5 - Local Conditions,41100,"St. George, UT",49,Utah,53,Washington,37.179125,-113.305096
11/2/2019,AQS,490530007,3,8.7,ug/m3 LC,36,,1,100,88101,PM2.5 - Local Conditions,41100,"St. George, UT",49,Utah,53,Washington,37.179125,-113.305096
11/3/2019,AQS,490530007,3,5.7,ug/m3 LC,24,,1,100,88101,PM2.5 - Local Conditions,41100,"St. George, UT",49,Utah,53,Washington,37.179125,-113.305096
11/4/2019,AQS,490530007,3,6.4,ug/m3 LC,27,,1,100,88101,PM2.5 - Local Conditions,41100,"St. George, UT",49,Utah,53,Washington,37.179125,-113.305096
11/5/2019,AQS,490530007,3,7.6,ug/m3 LC,32,,1,100,88101,PM2.5 - Local Conditions,41100,"St. George, UT",49,Utah,53,Washington,37.179125,-113.305096
11/6/2019,AQS,490530007,3,6.6,ug/m3 LC,28,,1,100,88101,PM2.5 - Local Conditions,41100,"St. George, UT",49,Utah,53,Washington,37.179125,-113.305096
11/7/2019,AQS,490530007,3,8.8,ug/m3 LC,37,,1,100,88101,PM2.5 - Local Conditions,41100,"St. George, UT",49,Utah,53,Washington,37.179125,-113.305096
11/8/2019,AQS,490530007,3,6.5,ug/m3 LC,27,,1,100,88101,PM2.5 - Local Conditions,41100,"St. George, UT",49,Utah,53,Washington,37.179125,-113.305096
11/9/2019,AQS,490530007,3,16.1,ug/m3 LC,59,,1,100,88101,PM2.5 - Local Conditions,41100,"St. George, UT",49,Utah,53,Washington,37.179125,-113.305096
11/10/2019,AQS,490530007,3,9.2,ug/m3 LC,38,,1,100,88101,PM2.5 - Local Conditions,41100,"St. George, UT",49,Utah,53,Washington,37.179125,-113.305096
11/11/2019,AQS,490530007,3,9.6,ug/m3 LC,40,,1,100,88101,PM2.5 - Local Conditions,41100,"St. George, UT",49,Utah,53,Washington,37.179125,-113.305096
11/12/2019,AQS,490530007,3,7.7,ug/m3 LC,32,,1,100,88101,PM2.5 - Local Conditions,41100,"St. George, UT",49,Utah,53,Washington,37.179125,-113.305096
11/13/2019,AQS,490530007,3,8.1,ug/m3 LC,34,,1,100,88101,PM2.5 - Local Conditions,41100,"St. George, UT",49,Utah,53,Washington,37.179125,-113.305096
11/14/2019,AQS,490530007,3,9.8,ug/m3 LC,41,,1,100,88101,PM2.5 - Local Conditions,41100,"St. George, UT",49,Utah,53,Washington,37.179125,-113.305096
11/15/2019,AQS,490530007,3,9.3,ug/m3 LC,39,,1,100,88101,PM2.5 - Local Conditions,41100,"St. George, UT",49,Utah,53,Washington,37.179125,-113.305096
11/16/2019,AQS,490530007,3,6.1,ug/m3 LC,25,,1,100,88101,PM2.5 - Local Conditions,41100,"St. George, UT",49,Utah,53,Washington,37.179125,-113.305096
11/17/2019,AQS,490530007,3,4.3,ug/m3 LC,18,,1,100,88101,PM2.5 - Local Conditions,41100,"St. George, UT",49,Utah,53,Washington,37.179125,-113.305096
11/18/2019,AQS,490530007,3,14.2,ug/m3 LC,55,,1,100,88101,PM2.5 - Local Conditions,41100,"St. George, UT",49,Utah,53,Washington,37.179125,-113.305096
11/19/2019,AQS,490530007,3,6.8,ug/m3 LC,28,,1,100,88101,PM2.5 - Local Conditions,41100,"St. George, UT",49,Utah,53,Washington,37.179125,-113.305096
11/20/2019,AQS,490530007,3,2.9,ug/m3 LC,12,,1,100,88101,PM2.5 - Local Conditions,41100,"St. George, UT",49,Utah,53,Washington,37.179125,-113.305096
11/21/2019,AQS,490530007,3,0.2,ug/m3 LC,1,,1,100,88101,PM2.5 - Local Conditions,41100,"St. George, UT",49,Utah,53,Washington,37.179125,-113.305096
11/22/2019,AQS,490530007,3,4,ug/m3 LC,17,,1,100,88101,PM2.5 - Local Conditions,41100,"St. George, UT",49,Utah,53,Washington,37.179125,-113.305096
11/23/2019,AQS,490530007,3,8.7,ug/m3 LC,36,,1,100,88101,PM2.5 - Local Conditions,41100,"St. George, UT",49,Utah,53,Washington,37.179125,-113.305096
11/24/2019,AQS,490530007,3,7,ug/m3 LC,29,,1,100,88101,PM2.5 - Local Conditions,41100,"St. George, UT",49,Utah,53,Washington,37.179125,-113.305096
11/25/2019,AQS,490530007,3,4.9,ug/m3 LC,20,,1,100,88101,PM2.5 - Local Conditions,41100,"St. George, UT",49,Utah,53,Washington,37.179125,-113.305096
11/26/2019,AQS,490530007,3,2.4,ug/m3 LC,10,,1,100,88101,PM2.5 - Local Conditions,41100,"St. George, UT",49,Utah,53,Washington,37.179125,-113.305096
11/27/2019,AQS,490530007,3,3.2,ug/m3 LC,13,,1,100,88101,PM2.5 - Local Conditions,41100,"St. George, UT",49,Utah,53,Washington,37.179125,-113.305096
11/28/2019,AQS,490530007,3,1.9,ug/m3 LC,8,,1,100,88101,PM2.5 - Local Conditions,41100,"St. George, UT",49,Utah,53,Washington,37.179125,-113.305096
11/29/2019,AQS,490530007,3,3.7,ug/m3 LC,15,,1,100,88101,PM2.5 - Local Conditions,41100,"St. George, UT",49,Utah,53,Washington,37.179125,-113.305096
11/30/2019,AQS,490530007,3,2.5,ug/m3 LC,10,,1,100,88101,PM2.5 - Local Conditions,41100,"St. George, UT",49,Utah,53,Washington,37.179125,-113.305096
12/1/2019,AQS,490530007,3,4,ug/m3 LC,17,,1,100,88101,PM2.5 - Local Conditions,41100,"St. George, UT",49,Utah,53,Washington,37.179125,-113.305096
12/2/2019,AQS,490530007,3,6.4,ug/m3 LC,27,,1,100,88101,PM2.5 - Local Conditions,41100,"St. George, UT",49,Utah,53,Washington,37.179125,-113.305096
12/3/2019,AQS,490530007,3,5.5,ug/m3 LC,23,,1,100,88101,PM2.5 - Local Conditions,41100,"St. George, UT",49,Utah,53,Washington,37.179125,-113.305096
12/4/2019,AQS,490530007,3,6.5,ug/m3 LC,27,,1,100,88101,PM2.5 - Local Conditions,41100,"St. George, UT",49,Utah,53,Washington,37.179125,-113.305096
12/5/2019,AQS,490530007,3,2.4,ug/m3 LC,10,,1,100,88101,PM2.5 - Local Conditions,41100,"St. George, UT",49,Utah,53,Washington,37.179125,-113.305096
12/6/2019,AQS,490530007,3,2.7,ug/m3 LC,11,,1,100,88101,PM2.5 - Local Conditions,41100,"St. George, UT",49,Utah,53,Washington,37.179125,-113.305096
12/7/2019,AQS,490530007,3,1.9,ug/m3 LC,8,,1,100,88101,PM2.5 - Local Conditions,41100,"St. George, UT",49,Utah,53,Washington,37.179125,-113.305096
12/8/2019,AQS,490530007,3,4.2,ug/m3 LC,18,,1,100,88101,PM2.5 - Local Conditions,41100,"St. George, UT",49,Utah,53,Washington,37.179125,-113.305096
12/9/2019,AQS,490530007,3,2.7,ug/m3 LC,11,,1,100,88101,PM2.5 - Local Conditions,41100,"St. George, UT",49,Utah,53,Washington,37.179125,-113.305096
12/10/2019,AQS,490530007,3,4.3,ug/m3 LC,18,,1,100,88101,PM2.5 - Local Conditions,41100,"St. George, UT",49,Utah,53,Washington,37.179125,-113.305096
12/11/2019,AQS,490530007,3,4.3,ug/m3 LC,18,,1,100,88101,PM2.5 - Local Conditions,41100,"St. George, UT",49,Utah,53,Washington,37.179125,-113.305096
12/12/2019,AQS,490530007,3,4,ug/m3 LC,17,,1,100,88101,PM2.5 - Local Conditions,41100,"St. George, UT",49,Utah,53,Washington,37.179125,-113.305096
12/13/2019,AQS,490530007,3,5.7,ug/m3 LC,24,,1,100,88101,PM2.5 - Local Conditions,41100,"St. George, UT",49,Utah,53,Washington,37.179125,-113.305096
12/14/2019,AQS,490530007,3,4,ug/m3 LC,17,,1,100,88101,PM2.5 - Local Conditions,41100,"St. George, UT",49,Utah,53,Washington,37.179125,-113.305096
12/15/2019,AQS,490530007,3,1.2,ug/m3 LC,5,,1,100,88101,PM2.5 - Local Conditions,41100,"St. George, UT",49,Utah,53,Washington,37.179125,-113.305096
12/16/2019,AQS,490530007,3,1.5,ug/m3 LC,6,,1,100,88101,PM2.5 - Local Conditions,41100,"St. George, UT",49,Utah,53,Washington,37.179125,-113.305096
12/17/2019,AQS,490530007,3,5.4,ug/m3 LC,23,,1,100,88101,PM2.5 - Local Conditions,41100,"St. George, UT",49,Utah,53,Washington,37.179125,-113.305096
12/18/2019,AQS,490530007,3,2.6,ug/m3 LC,11,,1,100,88101,PM2.5 - Local Conditions,41100,"St. George, UT",49,Utah,53,Washington,37.179125,-113.305096
12/19/2019,AQS,490530007,3,3.9,ug/m3 LC,16,,1,100,88101,PM2.5 - Local Conditions,41100,"St. George, UT",49,Utah,53,Washington,37.179125,-113.305096
12/20/2019,AQS,490530007,3,4.1,ug/m3 LC,17,,1,100,88101,PM2.5 - Local Conditions,41100,"St. George, UT",49,Utah,53,Washington,37.179125,-113.305096
12/21/2019,AQS,490530007,3,6.1,ug/m3 LC,25,,1,100,88101,PM2.5 - Local Conditions,41100,"St. George, UT",49,Utah,53,Washington,37.179125,-113.305096
12/22/2019,AQS,490530007,3,4.4,ug/m3 LC,18,,1,100,88101,PM2.5 - Local Conditions,41100,"St. George, UT",49,Utah,53,Washington,37.179125,-113.305096
12/23/2019,AQS,490530007,3,2.7,ug/m3 LC,11,,1,100,88101,PM2.5 - Local Conditions,41100,"St. George, UT",49,Utah,53,Washington,37.179125,-113.305096
12/24/2019,AQS,490530007,3,1.9,ug/m3 LC,8,,1,100,88101,PM2.5 - Local Conditions,41100,"St. George, UT",49,Utah,53,Washington,37.179125,-113.305096
12/25/2019,AQS,490530007,3,2.9,ug/m3 LC,12,,1,100,88101,PM2.5 - Local Conditions,41100,"St. George, UT",49,Utah,53,Washington,37.179125,-113.305096
12/26/2019,AQS,490530007,3,2.2,ug/m3 LC,9,,1,100,88101,PM2.5 - Local Conditions,41100,"St. George, UT",49,Utah,53,Washington,37.179125,-113.305096
12/27/2019,AQS,490530007,3,4,ug/m3 LC,17,,1,100,88101,PM2.5 - Local Conditions,41100,"St. George, UT",49,Utah,53,Washington,37.179125,-113.305096
12/28/2019,AQS,490530007,3,0.9,ug/m3 LC,4,,1,100,88101,PM2.5 - Local Conditions,41100,"St. George, UT",49,Utah,53,Washington,37.179125,-113.305096
12/29/2019,AQS,490530007,3,1.9,ug/m3 LC,8,,1,100,88101,PM2.5 - Local Conditions,41100,"St. George, UT",49,Utah,53,Washington,37.179125,-113.305096
12/30/2019,AQS,490530007,3,3.5,ug/m3 LC,15,,1,100,88101,PM2.5 - Local Conditions,41100,"St. George, UT",49,Utah,53,Washington,37.179125,-113.305096
12/31/2019,AQS,490530007,3,4.1,ug/m3 LC,17,,1,100,88101,PM2.5 - Local Conditions,41100,"St. George, UT",49,Utah,53,Washington,37.179125,-113.305096
