"Date","Overall AQI Value","Main Pollutant","Site Name (of Overall AQI)","Site ID (of Overall AQI)","Source (of Overall AQI)","CO","Ozone","PM10","PM25","NO2"
"01/01/2000","49","PM2.5","VANCOUVER - 4TH PL BLVD E","53-011-0013","AQS","16",".","9","49","."
"01/02/2000","20","PM2.5","Portland - SE Lafayette","41-051-0080","AQS","19",".","6","20","."
"01/03/2000","28","PM2.5","Portland - SE Lafayette","41-051-0080","AQS","27",".","6","28","."
"01/04/2000","23","PM2.5","VANCOUVER - 4TH PL BLVD E","53-011-0013","AQS","19",".","6","23","."
"01/05/2000","71","PM2.5","Portland - SE Lafayette","41-051-0080","AQS","49",".","26","71","."
"01/06/2000","76","PM2.5","Portland - SE Lafayette","41-051-0080","AQS","50",".","26","76","."
"01/07/2000","79","PM2.5","SE CORNER OF P.O. PARKING LOT AND SW CORNER OF NEIGHBORING BUILDING","41-051-0244","AQS","41",".","35","79","."
"01/08/2000","20","PM2.5","WEST END OF ATHLETIC FIELD WITH N EMERSON N, N ROSELAWN S, N WILLIAM","41-051-0246","AQS","20",".","6","20","."
"01/09/2000","16","CO","","41-051-0243","AQS","16",".","6","14","."
"01/10/2000","41","PM2.5","VANCOUVER - 4TH PL BLVD E","53-011-0013","AQS","36",".","9","41","."
"01/11/2000","36","PM2.5","Portland - SE Lafayette","41-051-0080","AQS","30",".","8","36","."
"01/12/2000","33","CO","","41-051-0087","AQS","33",".","6","24","."
"01/13/2000","39","PM2.5","VACANT LOT SURROUNDED BY RESIDENCES","41-067-1003","AQS","38",".","15","39","."
"01/14/2000","28","PM2.5","Portland - SE Lafayette","41-051-0080","AQS","28",".","8","28","."
"01/15/2000","54","PM2.5","WEST END OF ATHLETIC FIELD WITH N EMERSON N, N ROSELAWN S, N WILLIAM","41-051-0246","AQS","35",".","12","54","."
"01/16/2000","18","PM2.5","VACANT LOT SURROUNDED BY RESIDENCES","41-067-1003","AQS","17",".","6","18","."
"01/17/2000","60","CO","","53-011-0010","AQS","60",".","15","56","."
"01/18/2000","84","PM2.5","WEST END OF ATHLETIC FIELD WITH N EMERSON N, N ROSELAWN S, N WILLIAM","41-051-0246","AQS","67",".","26","84","."
"01/19/2000","86","PM2.5","VACANT LOT SURROUNDED BY RESIDENCES","41-067-1003","AQS","68",".","37","86","."
"01/20/2000","41","PM2.5","SE CORNER OF P.O. PARKING LOT AND SW CORNER OF NEIGHBORING BUILDING","41-051-0244","AQS","35",".","8","41","."
"01/21/2000","38","PM2.5","SE CORNER OF P.O. PARKING LOT AND SW CORNER OF NEIGHBORING BUILDING","41-051-0244","AQS","31",".","12","38","."
"01/22/2000","53","PM2.5","VACANT LOT SURROUNDED BY RESIDENCES","41-067-1003","AQS","20",".","11","53","."
"01/23/2000","33","PM2.5","WEST END OF ATHLETIC FIELD WITH N EMERSON N, N ROSELAWN S, N WILLIAM","41-051-0246","AQS","33",".","7","33","."
"01/24/2000","49","PM2.5","WEST END OF ATHLETIC FIELD WITH N EMERSON N, N ROSELAWN S, N WILLIAM","41-051-0246","AQS","35",".","6","49","."
"01/25/2000","55","PM2.5","VANCOUVER - 4TH PL BLVD E","53-011-0013","AQS","41",".","19","55","."
"01/26/2000","42","PM2.5","Portland - SE Lafayette","41-051-0080","AQS","38",".","13","42","."
"01/27/2000","75","PM2.5","WEST END OF ATHLETIC FIELD WITH N EMERSON N, N ROSELAWN S, N WILLIAM","41-051-0246","AQS","58",".","22","75","."
"01/28/2000","92","PM2.5","VANCOUVER - 4TH PL BLVD E","53-011-0013","AQS","61",".","8","92","."
"01/29/2000","29","PM2.5","WEST END OF ATHLETIC FIELD WITH N EMERSON N, N ROSELAWN S, N WILLIAM","41-051-0246","AQS","27",".","6","29","."
"01/30/2000","35","PM2.5","WEST END OF ATHLETIC FIELD WITH N EMERSON N, N ROSELAWN S, N WILLIAM","41-051-0246","AQS","20",".","13","35","."
"01/31/2000","60","PM2.5","VACANT LOT SURROUNDED BY RESIDENCES","41-067-1003","AQS","28",".","21","60","."
"02/01/2000","20","CO","","41-051-0087","AQS","20",".","5","12","."
"02/02/2000","39","PM2.5","SE CORNER OF P.O. PARKING LOT AND SW CORNER OF NEIGHBORING BUILDING","41-051-0244","AQS","35",".","9","39","."
"02/03/2000","26","CO","HAZELDELL/7701 NE HIGHWAY 99","53-011-0016","AQS","26",".","6","16","."
"02/04/2000","42","CO","HAZELDELL/7701 NE HIGHWAY 99","53-011-0016","AQS","42",".","7","21","."
"02/05/2000","43","CO","","53-011-0010","AQS","43",".","8","29","."
"02/06/2000","68","PM2.5","VACANT LOT SURROUNDED BY RESIDENCES","41-067-1003","AQS","26",".","21","68","."
"02/07/2000","53","PM2.5","SE CORNER OF P.O. PARKING LOT AND SW CORNER OF NEIGHBORING BUILDING","41-051-0244","AQS","34",".","14","53","."
"02/08/2000","44","PM2.5","Portland - SE Lafayette","41-051-0080","AQS","39",".","13","44","."
"02/09/2000","67","PM2.5","Portland - SE Lafayette","41-051-0080","AQS","48",".","24","67","."
"02/10/2000","60","PM2.5","Portland - SE Lafayette","41-051-0080","AQS","55",".","21","60","."
"02/11/2000","59","PM2.5","SE CORNER OF P.O. PARKING LOT AND SW CORNER OF NEIGHBORING BUILDING","41-051-0244","AQS","32",".","15","59","."
"02/12/2000","57","PM2.5","WEST END OF ATHLETIC FIELD WITH N EMERSON N, N ROSELAWN S, N WILLIAM","41-051-0246","AQS","34",".","15","57","."
"02/13/2000","44","PM2.5","SE CORNER OF P.O. PARKING LOT AND SW CORNER OF NEIGHBORING BUILDING","41-051-0244","AQS","40",".","11","44","."
"02/14/2000","25","CO","","41-051-0087","AQS","25",".","4","20","."
"02/15/2000","47","PM2.5","VANCOUVER - 4TH PL BLVD E","53-011-0013","AQS","31",".","12","47","."
"02/16/2000","40","PM2.5","SE CORNER OF P.O. PARKING LOT AND SW CORNER OF NEIGHBORING BUILDING","41-051-0244","AQS","36",".",".","40","."
"02/17/2000","70","PM2.5","Portland - SE Lafayette","41-051-0080","AQS","47",".",".","70","."
"02/18/2000","121","PM2.5","Portland - SE Lafayette","41-051-0080","AQS","54",".","48","121","."
"02/19/2000","60","CO","","53-011-0010","AQS","60",".",".","55","."
"02/20/2000","56","PM2.5","WEST END OF ATHLETIC FIELD WITH N EMERSON N, N ROSELAWN S, N WILLIAM","41-051-0246","AQS","22",".",".","56","."
"02/21/2000","74","PM2.5","SE CORNER OF P.O. PARKING LOT AND SW CORNER OF NEIGHBORING BUILDING","41-051-0244","AQS","32",".","19","74","."
"02/22/2000","31","CO","","41-051-0078","AQS","31",".",".","30","."
"02/23/2000","44","PM2.5","Portland - SE Lafayette","41-051-0080","AQS","25",".",".","44","."
"02/24/2000","56","PM2.5","Portland - SE Lafayette","41-051-0080","AQS","27",".","25","56","."
"02/25/2000","49","PM2.5","Portland - SE Lafayette","41-051-0080","AQS","38",".",".","49","."
"02/26/2000","25","CO","HAZELDELL/7701 NE HIGHWAY 99","53-011-0016","AQS","25",".",".","20","."
"02/27/2000","34","PM2.5","VACANT LOT SURROUNDED BY RESIDENCES","41-067-1003","AQS","18",".","8","34","."
"02/28/2000","24","PM2.5","Portland - SE Lafayette","41-051-0080","AQS","24",".",".","24","."
"02/29/2000","20","PM2.5","Portland - SE Lafayette","41-051-0080","AQS","19",".",".","20","."
"03/01/2000","65","PM2.5","Portland - SE Lafayette","41-051-0080","AQS","33",".","33","65","."
"03/02/2000","61","PM2.5","Portland - SE Lafayette","41-051-0080","AQS","40",".",".","61","."
"03/03/2000","87","PM2.5","Portland - SE Lafayette","41-051-0080","AQS","40",".",".","87","."
"03/04/2000","53","PM2.5","Portland - SE Lafayette","41-051-0080","AQS","32",".","14","53","."
"03/05/2000","60","PM2.5","Portland - SE Lafayette","41-051-0080","AQS","30",".",".","60","."
"03/06/2000","67","PM2.5","Portland - SE Lafayette","41-051-0080","AQS","42",".",".","67","."
"03/07/2000","58","PM2.5","VANCOUVER - 4TH PL BLVD E","53-011-0013","AQS","42",".","24","58","."
"03/08/2000","47","PM2.5","SE CORNER OF P.O. PARKING LOT AND SW CORNER OF NEIGHBORING BUILDING","41-051-0244","AQS","36",".",".","47","."
"03/09/2000","55","PM2.5","SE CORNER OF P.O. PARKING LOT AND SW CORNER OF NEIGHBORING BUILDING","41-051-0244","AQS","36",".",".","55","."
"03/10/2000","54","PM2.5","VACANT LOT SURROUNDED BY RESIDENCES","41-067-1003","AQS","32",".","13","54","."
"03/11/2000","52","PM2.5","Portland - SE Lafayette","41-051-0080","AQS","34",".",".","52","."
"03/12/2000","58","PM2.5","Portland - SE Lafayette","41-051-0080","AQS","39",".",".","58","."
"03/13/2000","52","PM2.5","Portland - SE Lafayette","41-051-0080","AQS","34",".","30","52","."
"03/14/2000","42","PM2.5","Portland - SE Lafayette","41-051-0080","AQS","33",".",".","42","."
"03/15/2000","62","PM2.5","Portland - SE Lafayette","41-051-0080","AQS","39",".",".","62","."
"03/16/2000","31","CO","","41-051-0087","AQS","31",".","10","29","."
"03/17/2000","25","CO","","41-051-0087","AQS","25",".",".","24","."
"03/18/2000","23","CO","","41-051-0087","AQS","23",".",".","22","."
"03/19/2000","28","PM2.5","Portland - SE Lafayette","41-051-0080","AQS","20",".","10","28","."
"03/20/2000","66","PM2.5","Portland - SE Lafayette","41-051-0080","AQS","34",".",".","66","."
"03/21/2000","68","PM2.5","Portland - SE Lafayette","41-051-0080","AQS","40",".",".","68","."
"03/22/2000","60","PM2.5","Portland - SE Lafayette","41-051-0080","AQS","38",".","20","60","."
"03/23/2000","32","PM2.5","Portland - SE Lafayette","41-051-0080","AQS","28",".",".","32","."
"03/24/2000","42","PM2.5","Portland - SE Lafayette","41-051-0080","AQS","36",".",".","42","."
"03/25/2000","67","PM2.5","Portland - SE Lafayette","41-051-0080","AQS","38",".","25","67","."
"03/26/2000","81","PM2.5","Portland - SE Lafayette","41-051-0080","AQS","43",".",".","81","."
"03/27/2000","24","CO","","41-051-0243","AQS","24",".",".","20","."
"03/28/2000","22","PM2.5","Portland - SE Lafayette","41-051-0080","AQS","22",".","6","22","."
"03/29/2000","36","PM2.5","Portland - SE Lafayette","41-051-0080","AQS","23",".",".","36","."
"03/30/2000","39","PM2.5","SE CORNER OF P.O. PARKING LOT AND SW CORNER OF NEIGHBORING BUILDING","41-051-0244","AQS","38",".",".","39","."
"03/31/2000","40","PM2.5","SE CORNER OF P.O. PARKING LOT AND SW CORNER OF NEIGHBORING BUILDING","41-051-0244","AQS","32",".","19","40","."
"04/01/2000","37","PM2.5","SE CORNER OF P.O. PARKING LOT AND SW CORNER OF NEIGHBORING BUILDING","41-051-0244","AQS","24",".",".","37","."
"04/02/2000","47","PM2.5","Portland - SE Lafayette","41-051-0080","AQS","19",".",".","47","."
"04/03/2000","66","PM2.5","Portland - SE Lafayette","41-051-0080","AQS","26",".","25","66","."
"04/04/2000","25","PM2.5","SE CORNER OF P.O. PARKING LOT AND SW CORNER OF NEIGHBORING BUILDING","41-051-0244","AQS","25",".",".","25","."
"04/05/2000","35","PM2.5","WEST END OF ATHLETIC FIELD WITH N EMERSON N, N ROSELAWN S, N WILLIAM","41-051-0246","AQS","20",".",".","35","."
"04/06/2000","34","PM2.5","Portland - SE Lafayette","41-051-0080","AQS","26",".","9","34","."
"04/07/2000","42","PM2.5","SE CORNER OF P.O. PARKING LOT AND SW CORNER OF NEIGHBORING BUILDING","41-051-0244","AQS","24",".",".","42","."
"04/08/2000","45","PM2.5","SE CORNER OF P.O. PARKING LOT AND SW CORNER OF NEIGHBORING BUILDING","41-051-0244","AQS","23",".",".","45","."
"04/09/2000","43","PM2.5","Portland - SE Lafayette","41-051-0080","AQS","17",".",".","43","."
"04/10/2000","59","PM2.5","Portland - SE Lafayette","41-051-0080","AQS","27",".",".","59","."
"04/11/2000","63","PM2.5","Portland - SE Lafayette","41-051-0080","AQS","45",".",".","63","."
"04/12/2000","61","PM2.5","SE CORNER OF P.O. PARKING LOT AND SW CORNER OF NEIGHBORING BUILDING","41-051-0244","AQS","39",".","38","61","."
"04/13/2000","30","PM2.5","Portland - SE Lafayette","41-051-0080","AQS","19",".",".","30","."
"04/14/2000","17","CO","HAZELDELL/7701 NE HIGHWAY 99","53-011-0016","AQS","17",".",".","13","."
"04/15/2000","23","CO","HAZELDELL/7701 NE HIGHWAY 99","53-011-0016","AQS","23",".",".","18","."
"04/16/2000","35","PM2.5","WEST END OF ATHLETIC FIELD WITH N EMERSON N, N ROSELAWN S, N WILLIAM","41-051-0246","AQS","20",".",".","35","."
"04/17/2000","48","PM2.5","SE CORNER OF P.O. PARKING LOT AND SW CORNER OF NEIGHBORING BUILDING","41-051-0244","AQS","28",".",".","48","."
"04/18/2000","45","PM2.5","Portland - SE Lafayette","41-051-0080","AQS","18",".","19","45","."
"04/19/2000","33","PM2.5","WEST END OF ATHLETIC FIELD WITH N EMERSON N, N ROSELAWN S, N WILLIAM","41-051-0246","AQS","19",".",".","33","."
"04/20/2000","37","PM2.5","WEST END OF ATHLETIC FIELD WITH N EMERSON N, N ROSELAWN S, N WILLIAM","41-051-0246","AQS","19",".",".","37","."
"04/21/2000","43","PM2.5","Portland - SE Lafayette","41-051-0080","AQS","19",".",".","43","."
"04/22/2000","18","PM2.5","Portland - SE Lafayette","41-051-0080","AQS","11",".",".","18","."
"04/23/2000","19","PM2.5","Portland - SE Lafayette","41-051-0080","AQS","11",".",".","19","."
"04/24/2000","40","PM2.5","Portland - SE Lafayette","41-051-0080","AQS","19",".","16","40","."
"04/25/2000","23","PM2.5","WEST END OF ATHLETIC FIELD WITH N EMERSON N, N ROSELAWN S, N WILLIAM","41-051-0246","AQS","15",".",".","23","."
"04/26/2000","33","PM2.5","WEST END OF ATHLETIC FIELD WITH N EMERSON N, N ROSELAWN S, N WILLIAM","41-051-0246","AQS","28",".",".","33","."
"04/27/2000","38","PM2.5","Portland - SE Lafayette","41-051-0080","AQS","15","27",".","38","."
"04/28/2000","19","PM2.5","Portland - SE Lafayette","41-051-0080","AQS","17","9",".","19","."
"04/29/2000","33","PM2.5","WEST END OF ATHLETIC FIELD WITH N EMERSON N, N ROSELAWN S, N WILLIAM","41-051-0246","AQS","24","6",".","33","."
"04/30/2000","52","PM2.5","Portland - SE Lafayette","41-051-0080","AQS","25","8","16","52","."
"05/01/2000","32","Ozone","VANCOUVER - BLAIRMONT DR","53-011-0011","AQS","19","32",".","24","25"
"05/02/2000","40","Ozone","SAUVIE ISLAND-SIS","41-009-0004","AQS","15","40",".","20","."
"05/03/2000","42","Ozone","SAUVIE ISLAND-SIS","41-009-0004","AQS","14","42",".","30","."
"05/04/2000","42","Ozone","CARUS TRAILER/SPANGLER RD","41-005-0004","AQS","18","42",".","18","."
"05/05/2000","39","Ozone","CARUS TRAILER/SPANGLER RD","41-005-0004","AQS","19","39",".","18","."
"05/06/2000","43","PM2.5","Portland - SE Lafayette","41-051-0080","AQS","19","43","12","43","."
"05/07/2000","45","Ozone","SAUVIE ISLAND-SIS","41-009-0004","AQS","18","45",".","31","."
"05/08/2000","39","PM2.5","WEST END OF ATHLETIC FIELD WITH N EMERSON N, N ROSELAWN S, N WILLIAM","41-051-0246","AQS","22","34",".","39","."
"05/09/2000","39","Ozone","CARUS TRAILER/SPANGLER RD","41-005-0004","AQS","15","39",".","21","10"
"05/10/2000","38","Ozone","CARUS TRAILER/SPANGLER RD","41-005-0004","AQS","19","38",".","15","12"
"05/11/2000","35","Ozone","CARUS TRAILER/SPANGLER RD","41-005-0004","AQS","16","35",".","14","22"
"05/12/2000","39","NO2","Portland - SE Lafayette","41-051-0080","AQS","23","34","18","31","39"
"05/13/2000","34","Ozone","SAUVIE ISLAND-SIS","41-009-0004","AQS","23","34",".","31","31"
"05/14/2000","41","Ozone","CARUS TRAILER/SPANGLER RD","41-005-0004","AQS","19","41",".","31","41"
"05/15/2000","55","PM2.5","Portland - SE Lafayette","41-051-0080","AQS","22","44",".","55","26"
"05/16/2000","40","Ozone","SAUVIE ISLAND-SIS","41-009-0004","AQS","18","40",".","30","25"
"05/17/2000","40","Ozone","CARUS TRAILER/SPANGLER RD","41-005-0004","AQS","16","40",".","34","25"
"05/18/2000","54","PM2.5","Portland - SE Lafayette","41-051-0080","AQS","18","40","21","54","29"
"05/19/2000","34","Ozone","CARUS TRAILER/SPANGLER RD","41-005-0004","AQS","19","34",".","20","19"
"05/20/2000","54","Ozone","CARUS TRAILER/SPANGLER RD","41-005-0004","AQS","20","54",".","33","25"
"05/21/2000","43","Ozone","VANCOUVER - BLAIRMONT DR","53-011-0011","AQS","20","43",".","40","24"
"05/22/2000","54","Ozone","CARUS TRAILER/SPANGLER RD","41-005-0004","AQS","13","54",".","25","17"
"05/23/2000","45","Ozone","SAUVIE ISLAND-SIS","41-009-0004","AQS","15","45",".","23","21"
"05/24/2000","49","Ozone","CARUS TRAILER/SPANGLER RD","41-005-0004","AQS","17","49","17","31","14"
"05/25/2000","41","Ozone","CARUS TRAILER/SPANGLER RD","41-005-0004","AQS","13","41",".","38","25"
"05/26/2000","25","Ozone","CARUS TRAILER/SPANGLER RD","41-005-0004","AQS","13","25",".","15","17"
"05/27/2000","33","Ozone","SAUVIE ISLAND-SIS","41-009-0004","AQS","9","33",".","10","5"
"05/28/2000","31","Ozone","CARUS TRAILER/SPANGLER RD","41-005-0004","AQS","11","31",".","9","12"
"05/29/2000","33","Ozone","CARUS TRAILER/SPANGLER RD","41-005-0004","AQS","14","33",".","21","11"
"05/30/2000","35","Ozone","CARUS TRAILER/SPANGLER RD","41-005-0004","AQS","13","35","15","20","20"
"05/31/2000","32","Ozone","CARUS TRAILER/SPANGLER RD","41-005-0004","AQS","16","32",".","25","25"
"06/01/2000","42","Ozone","CARUS TRAILER/SPANGLER RD","41-005-0004","AQS","33","42",".","30","20"
"06/02/2000","44","Ozone","CARUS TRAILER/SPANGLER RD","41-005-0004","AQS","25","44",".","24","33"
"06/03/2000","101","Ozone","CARUS TRAILER/SPANGLER RD","41-005-0004","AQS","27","101",".","40","65"
"06/04/2000","105","Ozone","VANCOUVER - BLAIRMONT DR","53-011-0011","AQS","28","105",".","43","28"
"06/05/2000","33","Ozone","SAUVIE ISLAND-SIS","41-009-0004","AQS","13","33","31","25","20"
"06/06/2000","28","NO2","Portland - SE Lafayette","41-051-0080","AQS","24","21",".","17","28"
"06/07/2000","33","PM2.5","SE CORNER OF P.O. PARKING LOT AND SW CORNER OF NEIGHBORING BUILDING","41-051-0244","AQS","23","23",".","33","32"
"06/08/2000","31","Ozone","VANCOUVER - BLAIRMONT DR","53-011-0011","AQS","24","31",".","16","20"
"06/09/2000","29","Ozone","CARUS TRAILER/SPANGLER RD","41-005-0004","AQS","15","29",".","13","16"
"06/10/2000","26","Ozone","CARUS TRAILER/SPANGLER RD","41-005-0004","AQS","13","26",".","12","14"
"06/11/2000","19","Ozone","CARUS TRAILER/SPANGLER RD","41-005-0004","AQS","14","19","6","18","10"
"06/12/2000","16","Ozone","SAUVIE ISLAND-SIS","41-009-0004","AQS","14","16",".","7","11"
"06/13/2000","27","Ozone","CARUS TRAILER/SPANGLER RD","41-005-0004","AQS","18","27",".","18","22"
"06/14/2000","29","PM2.5","SE CORNER OF P.O. PARKING LOT AND SW CORNER OF NEIGHBORING BUILDING","41-051-0244","AQS","20","23",".","29","22"
"06/15/2000","35","Ozone","CARUS TRAILER/SPANGLER RD","41-005-0004","AQS","19","35",".","23","18"
"06/16/2000","41","Ozone","VANCOUVER - BLAIRMONT DR","53-011-0011","AQS","28","41",".","33","20"
"06/17/2000","54","Ozone","CARUS TRAILER/SPANGLER RD","41-005-0004","AQS","20","54","14","36","24"
"06/18/2000","28","Ozone","VANCOUVER - BLAIRMONT DR","53-011-0011","AQS","18","28",".","26","13"
"06/19/2000","34","Ozone","CARUS TRAILER/SPANGLER RD","41-005-0004","AQS","19","34",".","22","23"
"06/20/2000","39","PM2.5","SE CORNER OF P.O. PARKING LOT AND SW CORNER OF NEIGHBORING BUILDING","41-051-0244","AQS","26","36","13","39","20"
"06/21/2000","32","Ozone","CARUS TRAILER/SPANGLER RD","41-005-0004","AQS","20","32","16","24","16"
"06/22/2000","31","Ozone","CARUS TRAILER/SPANGLER RD","41-005-0004","AQS","17","31",".","23","15"
"06/23/2000","35","Ozone","CARUS TRAILER/SPANGLER RD","41-005-0004","AQS","22","35","15","25","16"
"06/24/2000","26","Ozone","CARUS TRAILER/SPANGLER RD","41-005-0004","AQS","16","26",".","19","15"
"06/25/2000","44","Ozone","VANCOUVER - BLAIRMONT DR","53-011-0011","AQS","16","44",".","27","19"
"06/26/2000","54","Ozone","CARUS TRAILER/SPANGLER RD","41-005-0004","AQS","26","54",".","51","28"
"06/27/2000","87","Ozone","SAUVIE ISLAND-SIS","41-009-0004","AQS","32","87","19","53","45"
"06/28/2000","90","Ozone","CARUS TRAILER/SPANGLER RD","41-005-0004","AQS","23","90",".","47","40"
"06/29/2000","93","PM2.5","Portland - SE Lafayette","41-051-0080","AQS","19","28","18","93","17"
"06/30/2000","28","Ozone","CARUS TRAILER/SPANGLER RD","41-005-0004","AQS","25","28",".","17","16"
"07/01/2000","25","Ozone","CARUS TRAILER/SPANGLER RD","41-005-0004","AQS","23","25",".","11","11"
"07/02/2000","23","Ozone","CARUS TRAILER/SPANGLER RD","41-005-0004","AQS","18","23",".","20","17"
"07/03/2000","23","CO","HAZELDELL/7701 NE HIGHWAY 99","53-011-0016","AQS","23","21",".","22","20"
"07/04/2000","176","PM2.5","Portland - SE Lafayette","41-051-0080","AQS","24","23",".","176","23"
"07/05/2000","154","PM2.5","Portland - SE Lafayette","41-051-0080","AQS","27","31","42","154","14"
"07/06/2000","31","Ozone","CARUS TRAILER/SPANGLER RD","41-005-0004","AQS","17","31",".","29","19"
"07/07/2000","49","Ozone","CARUS TRAILER/SPANGLER RD","41-005-0004","AQS","24","49",".","33","18"
"07/08/2000","41","PM2.5","Portland - SE Lafayette","41-051-0080","AQS","16","26",".","41","16"
"07/09/2000","29","Ozone","CARUS TRAILER/SPANGLER RD","41-005-0004","AQS","14","29",".","14","14"
"07/10/2000","29","PM2.5","SE CORNER OF P.O. PARKING LOT AND SW CORNER OF NEIGHBORING BUILDING","41-051-0244","AQS","20","28",".","29","16"
"07/11/2000","30","PM2.5","SE CORNER OF P.O. PARKING LOT AND SW CORNER OF NEIGHBORING BUILDING","41-051-0244","AQS","19","29","15","30","14"
"07/12/2000","46","Ozone","CARUS TRAILER/SPANGLER RD","41-005-0004","AQS","19","46",".","38","15"
"07/13/2000","30","Ozone","VANCOUVER - BLAIRMONT DR","53-011-0011","AQS","18","30",".","28","16"
"07/14/2000","28","Ozone","VANCOUVER - BLAIRMONT DR","53-011-0011","AQS","18","28",".","19","10"
"07/15/2000","40","Ozone","CARUS TRAILER/SPANGLER RD","41-005-0004","AQS","15","40",".","25","14"
"07/16/2000","77","Ozone","CARUS TRAILER/SPANGLER RD","41-005-0004","AQS","19","77",".","31","31"
"07/17/2000","53","PM2.5","Portland - SE Lafayette","41-051-0080","AQS","19","48","20","53","24"
"07/18/2000","31","PM2.5","SE CORNER OF P.O. PARKING LOT AND SW CORNER OF NEIGHBORING BUILDING","41-051-0244","AQS","16","27","20","31","17"
"07/19/2000","34","Ozone","CARUS TRAILER/SPANGLER RD","41-005-0004","AQS","19","34",".","28","17"
"07/20/2000","50","PM2.5","Portland - SE Lafayette","41-051-0080","AQS","23","39",".","50","15"
"07/21/2000","48","Ozone","W CENTER EDGE OF ASPHALT PARKING LOT ON W SIDE OF ST. JOHN'S CHURCH","41-005-2002","AQS","24","48",".","43","14"
"07/22/2000","19","Ozone","CARUS TRAILER/SPANGLER RD","41-005-0004","AQS","16","19",".","10","12"
"07/23/2000","23","PM2.5","Portland - SE Lafayette","41-051-0080","AQS","13","23","10","23","17"
"07/24/2000","41","Ozone","CARUS TRAILER/SPANGLER RD","41-005-0004","AQS","19","41",".","37","19"
"07/25/2000","22","PM2.5","SE CORNER OF P.O. PARKING LOT AND SW CORNER OF NEIGHBORING BUILDING","41-051-0244","AQS","14","20",".","22","18"
"07/26/2000","31","Ozone","SAUVIE ISLAND-SIS","41-009-0004","AQS","15","31",".","20","16"
"07/27/2000","36","Ozone","CARUS TRAILER/SPANGLER RD","41-005-0004","AQS","20","36",".","15","15"
"07/28/2000","31","PM2.5","SE CORNER OF P.O. PARKING LOT AND SW CORNER OF NEIGHBORING BUILDING","41-051-0244","AQS","20","28","14","31","18"
"07/29/2000","45","Ozone","CARUS TRAILER/SPANGLER RD","41-005-0004","AQS","22","45","16","39","16"
"07/30/2000","84","Ozone","CARUS TRAILER/SPANGLER RD","41-005-0004","AQS","19","84",".","39","16"
"07/31/2000","38","Ozone","CARUS TRAILER/SPANGLER RD","41-005-0004","AQS","17","38",".","29","20"
"08/01/2000","32","PM2.5","SE CORNER OF P.O. PARKING LOT AND SW CORNER OF NEIGHBORING BUILDING","41-051-0244","AQS","19","31",".","32","13"
"08/02/2000","41","Ozone","CARUS TRAILER/SPANGLER RD","41-005-0004","AQS","19","41",".","37","19"
"08/03/2000","51","PM2.5","SE CORNER OF P.O. PARKING LOT AND SW CORNER OF NEIGHBORING BUILDING","41-051-0244","AQS","22","47",".","51","."
"08/04/2000","56","PM2.5","SE CORNER OF P.O. PARKING LOT AND SW CORNER OF NEIGHBORING BUILDING","41-051-0244","AQS","23","51","26","56","."
"08/05/2000","44","Ozone","CARUS TRAILER/SPANGLER RD","41-005-0004","AQS","17","44",".","39","."
"08/06/2000","47","Ozone","CARUS TRAILER/SPANGLER RD","41-005-0004","AQS","15","47",".","36","."
"08/07/2000","31","PM2.5","SE CORNER OF P.O. PARKING LOT AND SW CORNER OF NEIGHBORING BUILDING","41-051-0244","AQS","23","25",".","31","."
"08/08/2000","52","PM2.5","SE CORNER OF P.O. PARKING LOT AND SW CORNER OF NEIGHBORING BUILDING","41-051-0244","AQS","19","40",".","52","25"
"08/09/2000","39","Ozone","CARUS TRAILER/SPANGLER RD","41-005-0004","AQS","19","39",".","37","20"
"08/10/2000","30","PM2.5","SE CORNER OF P.O. PARKING LOT AND SW CORNER OF NEIGHBORING BUILDING","41-051-0244","AQS","18","26","19","30","23"
"08/11/2000","30","Ozone","VANCOUVER - BLAIRMONT DR","53-011-0011","AQS","23","30",".","24","17"
"08/12/2000","44","Ozone","CARUS TRAILER/SPANGLER RD","41-005-0004","AQS","18","44",".","27","13"
"08/13/2000","32","Ozone","CARUS TRAILER/SPANGLER RD","41-005-0004","AQS","16","32",".","27","14"
"08/14/2000","26","PM2.5","SE CORNER OF P.O. PARKING LOT AND SW CORNER OF NEIGHBORING BUILDING","41-051-0244","AQS","20","26",".","26","14"
"08/15/2000","32","Ozone","VANCOUVER - BLAIRMONT DR","53-011-0011","AQS","20","32",".","29","18"
"08/16/2000","40","Ozone","CARUS TRAILER/SPANGLER RD","41-005-0004","AQS","20","40","15","31","19"
"08/17/2000","35","Ozone","CARUS TRAILER/SPANGLER RD","41-005-0004","AQS","16","35",".","27","22"
"08/18/2000","26","PM2.5","WEST END OF ATHLETIC FIELD WITH N EMERSON N, N ROSELAWN S, N WILLIAM","41-051-0246","AQS","19","20",".","26","17"
"08/19/2000","23","PM2.5","Portland - SE Lafayette","41-051-0080","AQS","17","23",".","23","20"
"08/20/2000","31","Ozone","CARUS TRAILER/SPANGLER RD","41-005-0004","AQS","16","31",".","27","12"
"08/21/2000","33","PM2.5","SE CORNER OF P.O. PARKING LOT AND SW CORNER OF NEIGHBORING BUILDING","41-051-0244","AQS","26","29",".","33","19"
"08/22/2000","43","Ozone","CARUS TRAILER/SPANGLER RD","41-005-0004","AQS","34","43","19","35","21"
"08/23/2000","71","Ozone","VANCOUVER - BLAIRMONT DR","53-011-0011","AQS","22","71",".","52","21"
"08/24/2000","40","PM2.5","SE CORNER OF P.O. PARKING LOT AND SW CORNER OF NEIGHBORING BUILDING","41-051-0244","AQS","17","28",".","40","25"
"08/25/2000","26","Ozone","CARUS TRAILER/SPANGLER RD","41-005-0004","AQS","19","26",".","23","15"
"08/26/2000","30","Ozone","CARUS TRAILER/SPANGLER RD","41-005-0004","AQS","15","30",".","18","14"
"08/27/2000","31","Ozone","CARUS TRAILER/SPANGLER RD","41-005-0004","AQS","13","31",".","20","17"
"08/28/2000","35","Ozone","SAUVIE ISLAND-SIS","41-009-0004","AQS","23","35","19","26","18"
"08/29/2000","29","Ozone","CARUS TRAILER/SPANGLER RD","41-005-0004","AQS","23","29",".","28","22"
"08/30/2000","27","PM2.5","SE CORNER OF P.O. PARKING LOT AND SW CORNER OF NEIGHBORING BUILDING","41-051-0244","AQS","18","19",".","27","16"
"08/31/2000","28","Ozone","SAUVIE ISLAND-SIS","41-009-0004","AQS","19","28",".","24","25"
"09/01/2000","31","Ozone","CARUS TRAILER/SPANGLER RD","41-005-0004","AQS","17","31",".","25","22"
"09/02/2000","22","Ozone","CARUS TRAILER/SPANGLER RD","41-005-0004","AQS","13","22",".","20","19"
"09/03/2000","26","PM2.5","Beaverton - Highland Park","41-067-0111","AQS","18","26","10","26","25"
"09/04/2000","30","PM2.5","SE CORNER OF P.O. PARKING LOT AND SW CORNER OF NEIGHBORING BUILDING","41-051-0244","AQS","18","26",".","30","19"
"09/05/2000","27","PM2.5","SE CORNER OF P.O. PARKING LOT AND SW CORNER OF NEIGHBORING BUILDING","41-051-0244","AQS","18","27",".","27","20"
"09/06/2000","31","Ozone","SAUVIE ISLAND-SIS","41-009-0004","AQS","18","31",".","20","28"
"09/07/2000","49","PM2.5","SE CORNER OF P.O. PARKING LOT AND SW CORNER OF NEIGHBORING BUILDING","41-051-0244","AQS","19","29",".","49","27"
"09/08/2000","26","Ozone","CARUS TRAILER/SPANGLER RD","41-005-0004","AQS","18","26",".","17","19"
"09/09/2000","28","Ozone","CARUS TRAILER/SPANGLER RD","41-005-0004","AQS","16","28","14","24","22"
"09/10/2000","20","PM2.5","WEST END OF ATHLETIC FIELD WITH N EMERSON N, N ROSELAWN S, N WILLIAM","41-051-0246","AQS","16","17",".","20","18"
"09/11/2000","32","NO2","Portland - SE Lafayette","41-051-0080","AQS","24","25",".","27","32"
"09/12/2000","54","PM2.5","VANCOUVER - 4TH PL BLVD E","53-011-0013","AQS","31","30",".","54","37"
"09/13/2000","55","PM2.5","SE CORNER OF P.O. PARKING LOT AND SW CORNER OF NEIGHBORING BUILDING","41-051-0244","AQS","36","28",".","55","33"
"09/14/2000","48","PM2.5","SE CORNER OF P.O. PARKING LOT AND SW CORNER OF NEIGHBORING BUILDING","41-051-0244","AQS","18","42",".","48","29"
"09/15/2000","26","NO2","Portland - SE Lafayette","41-051-0080","AQS","18","20","19","25","26"
"09/16/2000","29","Ozone","SAUVIE ISLAND-SIS","41-009-0004","AQS","14","29",".","25","18"
"09/17/2000","33","PM2.5","VANCOUVER - 4TH PL BLVD E","53-011-0013","AQS","13","32",".","33","21"
"09/18/2000","30","PM2.5","VANCOUVER - 4TH PL BLVD E","53-011-0013","AQS","24","20",".","30","12"
"09/19/2000","32","PM2.5","SE CORNER OF P.O. PARKING LOT AND SW CORNER OF NEIGHBORING BUILDING","41-051-0244","AQS","18","23",".","32","25"
"09/20/2000","34","PM2.5","SE CORNER OF P.O. PARKING LOT AND SW CORNER OF NEIGHBORING BUILDING","41-051-0244","AQS","18","19",".","34","21"
"09/21/2000","26","PM2.5","SE CORNER OF P.O. PARKING LOT AND SW CORNER OF NEIGHBORING BUILDING","41-051-0244","AQS","18","23","15","26","22"
"09/22/2000","31","Ozone","SAUVIE ISLAND-SIS","41-009-0004","AQS","18","31",".","21","26"
"09/23/2000","31","Ozone","CARUS TRAILER/SPANGLER RD","41-005-0004","AQS","22","31",".","26","14"
"09/24/2000","41","PM2.5","VANCOUVER - 4TH PL BLVD E","53-011-0013","AQS","30","34",".","41","23"
"09/25/2000","52","PM2.5","Portland - SE Lafayette","41-051-0080","AQS","35","37",".","52","43"
"09/26/2000","57","PM2.5","WEST END OF ATHLETIC FIELD WITH N EMERSON N, N ROSELAWN S, N WILLIAM","41-051-0246","AQS","40","36",".","57","50"
"09/27/2000","60","PM2.5","Portland - SE Lafayette","41-051-0080","AQS","39","50","32","60","50"
"09/28/2000","45","PM2.5","VANCOUVER - 4TH PL BLVD E","53-011-0013","AQS","19","39",".","45","40"
"09/29/2000","36","PM2.5","VANCOUVER - 4TH PL BLVD E","53-011-0013","AQS","17","26",".","36","24"
"09/30/2000","18","PM2.5","Portland - SE Lafayette","41-051-0080","AQS","15","14",".","18","9"
"10/01/2000","16","CO","","41-051-0087","AQS","16",".",".","14","."
"10/02/2000","28","PM2.5","WEST END OF ATHLETIC FIELD WITH N EMERSON N, N ROSELAWN S, N WILLIAM","41-051-0246","AQS","23",".",".","28","."
"10/03/2000","50","PM2.5","Portland - SE Lafayette","41-051-0080","AQS","24",".","27","50","."
"10/04/2000","46","PM2.5","SE CORNER OF P.O. PARKING LOT AND SW CORNER OF NEIGHBORING BUILDING","41-051-0244","AQS","25",".",".","46","."
"10/05/2000","43","PM2.5","SE CORNER OF P.O. PARKING LOT AND SW CORNER OF NEIGHBORING BUILDING","41-051-0244","AQS","27",".",".","43","."
"10/06/2000","42","PM2.5","VANCOUVER - 4TH PL BLVD E","53-011-0013","AQS","23",".","19","42","."
"10/07/2000","64","PM2.5","VANCOUVER - 4TH PL BLVD E","53-011-0013","AQS","31",".",".","64","."
"10/08/2000","59","PM2.5","Portland - SE Lafayette","41-051-0080","AQS","34",".",".","59","."
"10/09/2000","60","PM2.5","Portland - SE Lafayette","41-051-0080","AQS","35",".","28","60","."
"10/10/2000","54","PM2.5","Portland - SE Lafayette","41-051-0080","AQS","33",".",".","54","."
"10/11/2000","70","PM2.5","SE CORNER OF P.O. PARKING LOT AND SW CORNER OF NEIGHBORING BUILDING","41-051-0244","AQS","28",".",".","70","."
"10/12/2000","76","PM2.5","Portland - SE Lafayette","41-051-0080","AQS","22",".","23","76","."
"10/13/2000","33","PM2.5","WEST END OF ATHLETIC FIELD WITH N EMERSON N, N ROSELAWN S, N WILLIAM","41-051-0246","AQS","24",".",".","33","."
"10/14/2000","58","PM2.5","Portland - SE Lafayette","41-051-0080","AQS","39",".",".","58","."
"10/15/2000","93","PM2.5","VACANT LOT SURROUNDED BY RESIDENCES","41-067-1003","AQS","44",".","27","93","."
"10/16/2000","52","PM2.5","Portland - SE Lafayette","41-051-0080","AQS","30",".",".","52","."
"10/17/2000","46","PM2.5","Portland - SE Lafayette","41-051-0080","AQS","31",".",".","46","."
"10/18/2000","35","PM2.5","Portland - SE Lafayette","41-051-0080","AQS","25",".","8","35","."
"10/19/2000","82","PM2.5","Portland - SE Lafayette","41-051-0080","AQS","38",".",".","82","."
"10/20/2000","30","CO","HAZELDELL/7701 NE HIGHWAY 99","53-011-0016","AQS","30",".",".","26","."
"10/21/2000","59","PM2.5","Portland - SE Lafayette","41-051-0080","AQS","43",".","18","59","."
"10/22/2000","55","PM2.5","Portland - SE Lafayette","41-051-0080","AQS","43",".",".","55","."
"10/23/2000","36","CO","","53-011-0010","AQS","36",".",".","35","."
"10/24/2000","73","PM2.5","VACANT LOT SURROUNDED BY RESIDENCES","41-067-1003","AQS","39",".","19","73","."
"10/25/2000","62","PM2.5","SE CORNER OF P.O. PARKING LOT AND SW CORNER OF NEIGHBORING BUILDING","41-051-0244","AQS","39",".",".","62","."
"10/26/2000","83","PM2.5","WEST END OF ATHLETIC FIELD WITH N EMERSON N, N ROSELAWN S, N WILLIAM","41-051-0246","AQS","36",".",".","83","."
"10/27/2000","80","PM2.5","Portland - SE Lafayette","41-051-0080","AQS","30",".","35","80","."
"10/28/2000","20","PM2.5","Portland - SE Lafayette","41-051-0080","AQS","20",".",".","20","."
"10/29/2000","31","PM2.5","Portland - SE Lafayette","41-051-0080","AQS","27",".",".","31","."
"10/30/2000","77","PM2.5","VACANT LOT SURROUNDED BY RESIDENCES","41-067-1003","AQS","31",".","19","77","."
"10/31/2000","88","PM2.5","SE CORNER OF P.O. PARKING LOT AND SW CORNER OF NEIGHBORING BUILDING","41-051-0244","AQS","28",".",".","88","."
"11/01/2000","86","PM2.5","SE CORNER OF P.O. PARKING LOT AND SW CORNER OF NEIGHBORING BUILDING","41-051-0244","AQS","35",".",".","86","."
"11/02/2000","56","PM2.5","Portland - SE Lafayette","41-051-0080","AQS","34",".","22","56","."
"11/03/2000","74","PM2.5","Portland - SE Lafayette","41-051-0080","AQS","39",".",".","74","."
"11/04/2000","39","CO","","53-011-0010","AQS","39",".",".","38","."
"11/05/2000","57","PM2.5","VACANT LOT SURROUNDED BY RESIDENCES","41-067-1003","AQS","17",".",".","57","."
"11/06/2000","62","PM2.5","Portland - SE Lafayette","41-051-0080","AQS","33",".",".","62","."
"11/07/2000","92","PM2.5","Portland - SE Lafayette","41-051-0080","AQS","33",".",".","92","."
"11/08/2000","49","PM2.5","Portland - SE Lafayette","41-051-0080","AQS","30",".","20","49","."
"11/09/2000","38","PM2.5","WEST END OF ATHLETIC FIELD WITH N EMERSON N, N ROSELAWN S, N WILLIAM","41-051-0246","AQS","26",".",".","38","."
"11/10/2000","58","PM2.5","SE CORNER OF P.O. PARKING LOT AND SW CORNER OF NEIGHBORING BUILDING","41-051-0244","AQS","24",".",".","58","."
"11/11/2000","119","PM2.5","VANCOUVER - 4TH PL BLVD E","53-011-0013","AQS","58",".","36","119","."
"11/12/2000","122","PM2.5","WEST END OF ATHLETIC FIELD WITH N EMERSON N, N ROSELAWN S, N WILLIAM","41-051-0246","AQS","59",".",".","122","."
"11/13/2000","55","PM2.5","SE CORNER OF P.O. PARKING LOT AND SW CORNER OF NEIGHBORING BUILDING","41-051-0244","AQS","47",".",".","55","."
"11/14/2000","86","PM2.5","VACANT LOT SURROUNDED BY RESIDENCES","41-067-1003","AQS","38",".","34","86","."
"11/15/2000","94","PM2.5","WEST END OF ATHLETIC FIELD WITH N EMERSON N, N ROSELAWN S, N WILLIAM","41-051-0246","AQS","69",".","27","94","."
"11/16/2000","93","PM2.5","WEST END OF ATHLETIC FIELD WITH N EMERSON N, N ROSELAWN S, N WILLIAM","41-051-0246","AQS","73",".","31","93","."
"11/17/2000","134","PM2.5","VANCOUVER - 4TH PL BLVD E","53-011-0013","AQS","58",".","18","134","."
"11/18/2000","87","PM2.5","WEST END OF ATHLETIC FIELD WITH N EMERSON N, N ROSELAWN S, N WILLIAM","41-051-0246","AQS","51",".","26","87","."
"11/19/2000","75","PM2.5","WEST END OF ATHLETIC FIELD WITH N EMERSON N, N ROSELAWN S, N WILLIAM","41-051-0246","AQS","58",".","24","75","."
"11/20/2000","113","PM2.5","VANCOUVER - 4TH PL BLVD E","53-011-0013","AQS","39",".","38","113","."
"11/21/2000","68","PM2.5","WEST END OF ATHLETIC FIELD WITH N EMERSON N, N ROSELAWN S, N WILLIAM","41-051-0246","AQS","42",".","19","68","."
"11/22/2000","79","PM2.5","SE CORNER OF P.O. PARKING LOT AND SW CORNER OF NEIGHBORING BUILDING","41-051-0244","AQS","49",".","24","79","."
"11/23/2000","117","PM2.5","Beaverton - Highland Park","41-067-0111","AQS","31",".","21","117","."
"11/24/2000","66","PM2.5","SE CORNER OF P.O. PARKING LOT AND SW CORNER OF NEIGHBORING BUILDING","41-051-0244","AQS","27",".","19","66","."
"11/25/2000","51","PM2.5","Portland - SE Lafayette","41-051-0080","AQS","22",".","10","51","."
"11/26/2000","38","PM2.5","Portland - SE Lafayette","41-051-0080","AQS","16",".","9","38","."
"11/27/2000","62","PM2.5","Portland - SE Lafayette","41-051-0080","AQS","58",".","19","62","."
"11/28/2000","58","CO","","53-011-0010","AQS","58",".","11","33","."
"11/29/2000","46","PM2.5","Portland - SE Lafayette","41-051-0080","AQS","33",".","10","46","."
"11/30/2000","53","PM2.5","SE CORNER OF P.O. PARKING LOT AND SW CORNER OF NEIGHBORING BUILDING","41-051-0244","AQS","33",".","12","53","."
"12/01/2000","46","PM2.5","Portland - SE Lafayette","41-051-0080","AQS","36",".","9","46","."
"12/02/2000","64","PM2.5","Beaverton - Highland Park","41-067-0111","AQS","26",".","14","64","."
"12/03/2000","45","PM2.5","SE CORNER OF P.O. PARKING LOT AND SW CORNER OF NEIGHBORING BUILDING","41-051-0244","AQS","45",".","9","45","."
"12/04/2000","50","CO","","53-011-0010","AQS","50",".","8","42","."
"12/05/2000","110","PM2.5","VANCOUVER - 4TH PL BLVD E","53-011-0013","AQS","56",".","14","110","."
"12/06/2000","53","CO","","53-011-0010","AQS","53",".","12","38","."
"12/07/2000","44","PM2.5","WEST END OF ATHLETIC FIELD WITH N EMERSON N, N ROSELAWN S, N WILLIAM","41-051-0246","AQS","44",".","11","44","."
"12/08/2000","106","PM2.5","VANCOUVER - 4TH PL BLVD E","53-011-0013","AQS","55",".","35","106","."
"12/09/2000","87","PM2.5","WEST END OF ATHLETIC FIELD WITH N EMERSON N, N ROSELAWN S, N WILLIAM","41-051-0246","AQS","33",".","27","87","."
"12/10/2000","85","PM2.5","Portland - SE Lafayette","41-051-0080","AQS","40",".","27","85","."
"12/11/2000","54","PM2.5","Portland - SE Lafayette","41-051-0080","AQS","33",".","11","54","."
"12/12/2000","38","PM2.5","Portland - SE Lafayette","41-051-0080","AQS","25",".","12","38","."
"12/13/2000","52","PM2.5","SE CORNER OF P.O. PARKING LOT AND SW CORNER OF NEIGHBORING BUILDING","41-051-0244","AQS","26",".","14","52","."
"12/14/2000","58","PM2.5","SE CORNER OF P.O. PARKING LOT AND SW CORNER OF NEIGHBORING BUILDING","41-051-0244","AQS","32",".","23","58","."
"12/15/2000","44","PM2.5","WEST END OF ATHLETIC FIELD WITH N EMERSON N, N ROSELAWN S, N WILLIAM","41-051-0246","AQS","33",".","16","44","."
"12/16/2000","30","CO","","41-051-0087","AQS","30",".","9","21","."
"12/17/2000","70","PM2.5","Portland - SE Lafayette","41-051-0080","AQS","33",".","24","70","."
"12/18/2000","51","PM2.5","SE CORNER OF P.O. PARKING LOT AND SW CORNER OF NEIGHBORING BUILDING","41-051-0244","AQS","33",".","15","51","."
"12/19/2000","95","PM2.5","SE CORNER OF P.O. PARKING LOT AND SW CORNER OF NEIGHBORING BUILDING","41-051-0244","AQS","32",".","31","95","."
"12/20/2000","65","PM2.5","VACANT LOT SURROUNDED BY RESIDENCES","41-067-1003","AQS","33",".","21","65","."
"12/21/2000","40","PM2.5","SE CORNER OF P.O. PARKING LOT AND SW CORNER OF NEIGHBORING BUILDING","41-051-0244","AQS","30",".","9","40","."
"12/22/2000","35","PM2.5","SE CORNER OF P.O. PARKING LOT AND SW CORNER OF NEIGHBORING BUILDING","41-051-0244","AQS","34",".","8","35","."
"12/23/2000","54","PM2.5","Portland - SE Lafayette","41-051-0080","AQS","27",".","13","54","."
"12/24/2000","54","PM2.5","SE CORNER OF P.O. PARKING LOT AND SW CORNER OF NEIGHBORING BUILDING","41-051-0244","AQS","23",".","16","54","."
"12/25/2000","26","PM2.5","Portland - SE Lafayette","41-051-0080","AQS","23",".","9","26","."
"12/26/2000","70","PM2.5","VACANT LOT SURROUNDED BY RESIDENCES","41-067-1003","AQS","24",".","34","70","."
"12/27/2000","68","PM2.5","SE CORNER OF P.O. PARKING LOT AND SW CORNER OF NEIGHBORING BUILDING","41-051-0244","AQS","34",".","20","68","."
"12/28/2000","40","PM2.5","SE CORNER OF P.O. PARKING LOT AND SW CORNER OF NEIGHBORING BUILDING","41-051-0244","AQS","33",".","10","40","."
"12/29/2000","74","PM2.5","VANCOUVER - 4TH PL BLVD E","53-011-0013","AQS","45",".","11","74","."
"12/30/2000","24","CO","","41-051-0087","AQS","24",".","6","22","."
"12/31/2000","45","PM2.5","Portland - SE Lafayette","41-051-0080","AQS","19",".","12","45","."
