STATION,STATION_NAME,DATE,PRCP,SNWD,SNOW,TMAX,TMIN
GHCND:USC00046263,NORTHRIDGE CAL STATE CA US,20100101,0.00,0.0,0.0,72,48
GHCND:USC00046263,NORTHRIDGE CAL STATE CA US,20100102,0.00,0.0,0.0,74,54
GHCND:USC00046263,NORTHRIDGE CAL STATE CA US,20100103,0.00,0.0,0.0,76,50
GHCND:USC00046263,NORTHRIDGE CAL STATE CA US,20100104,0.00,0.0,0.0,71,48
GHCND:USC00046263,NORTHRIDGE CAL STATE CA US,20100105,0.00,0.0,0.0,77,48
GHCND:USC00046263,NORTHRIDGE CAL STATE CA US,20100106,0.00,0.0,0.0,78,50
GHCND:USC00046263,NORTHRIDGE CAL STATE CA US,20100107,0.00,0.0,0.0,80,45
GHCND:USC00046263,NORTHRIDGE CAL STATE CA US,20100108,0.00,0.0,0.0,75,52
GHCND:USC00046263,NORTHRIDGE CAL STATE CA US,20100109,0.00,0.0,0.0,72,53
GHCND:USC00046263,NORTHRIDGE CAL STATE CA US,20100110,0.00,0.0,0.0,79,51
GHCND:USC00046263,NORTHRIDGE CAL STATE CA US,20100111,0.00,0.0,0.0,79,55
GHCND:USC00046263,NORTHRIDGE CAL STATE CA US,20100112,0.00,0.0,0.0,74,51
GHCND:USC00046263,NORTHRIDGE CAL STATE CA US,20100113,0.13,0.0,0.0,63,50
GHCND:USC00046263,NORTHRIDGE CAL STATE CA US,20100114,0.00,0.0,0.0,70,52
GHCND:USC00046263,NORTHRIDGE CAL STATE CA US,20100115,0.00,0.0,0.0,73,54
GHCND:USC00046263,NORTHRIDGE CAL STATE CA US,20100116,0.00,0.0,0.0,68,50
GHCND:USC00046263,NORTHRIDGE CAL STATE CA US,20100117,0.53,0.0,0.0,60,47
GHCND:USC00046263,NORTHRIDGE CAL STATE CA US,20100118,1.50,0.0,0.0,59,49
GHCND:USC00046263,NORTHRIDGE CAL STATE CA US,20100119,0.69,0.0,0.0,53,46
GHCND:USC00046263,NORTHRIDGE CAL STATE CA US,20100120,2.00,0.0,0.0,51,47
GHCND:USC00046263,NORTHRIDGE CAL STATE CA US,20100121,0.85,0.0,0.0,53,45
GHCND:USC00046263,NORTHRIDGE CAL STATE CA US,20100122,0.30,0.0,0.0,48,42
GHCND:USC00046263,NORTHRIDGE CAL STATE CA US,20100123,0.01,0.0,0.0,58,35
GHCND:USC00046263,NORTHRIDGE CAL STATE CA US,20100124,0.00,0.0,0.0,63,36
GHCND:USC00046263,NORTHRIDGE CAL STATE CA US,20100125,0.00,0.0,0.0,63,40
GHCND:USC00046263,NORTHRIDGE CAL STATE CA US,20100126,0.03,0.0,0.0,57,42
GHCND:USC00046263,NORTHRIDGE CAL STATE CA US,20100127,0.01,0.0,0.0,66,51
GHCND:USC00046263,NORTHRIDGE CAL STATE CA US,20100128,0.00,0.0,0.0,68,50
GHCND:USC00046263,NORTHRIDGE CAL STATE CA US,20100129,0.00,0.0,0.0,67,43
GHCND:USC00046263,NORTHRIDGE CAL STATE CA US,20100130,0.00,0.0,0.0,66,41
GHCND:USC00046263,NORTHRIDGE CAL STATE CA US,20100131,0.00,0.0,0.0,67,41
GHCND:USC00046263,NORTHRIDGE CAL STATE CA US,20100201,0.00,0.0,0.0,67,42
GHCND:USC00046263,NORTHRIDGE CAL STATE CA US,20100202,0.00,0.0,0.0,66,46
GHCND:USC00046263,NORTHRIDGE CAL STATE CA US,20100203,0.00,0.0,0.0,71,44
GHCND:USC00046263,NORTHRIDGE CAL STATE CA US,20100204,0.00,0.0,0.0,63,52
GHCND:USC00046263,NORTHRIDGE CAL STATE CA US,20100205,0.57,0.0,0.0,53,50
GHCND:USC00046263,NORTHRIDGE CAL STATE CA US,20100206,1.13,0.0,0.0,57,47
GHCND:USC00046263,NORTHRIDGE CAL STATE CA US,20100207,0.00,0.0,0.0,62,40
GHCND:USC00046263,NORTHRIDGE CAL STATE CA US,20100208,0.00,0.0,0.0,63,40
GHCND:USC00046263,NORTHRIDGE CAL STATE CA US,20100209,0.20,0.0,0.0,54,41
GHCND:USC00046263,NORTHRIDGE CAL STATE CA US,20100210,0.00,0.0,0.0,65,40
GHCND:USC00046263,NORTHRIDGE CAL STATE CA US,20100211,0.00,0.0,0.0,64,42
GHCND:USC00046263,NORTHRIDGE CAL STATE CA US,20100212,0.00,0.0,0.0,72,43
GHCND:USC00046263,NORTHRIDGE CAL STATE CA US,20100213,0.00,0.0,0.0,78,47
GHCND:USC00046263,NORTHRIDGE CAL STATE CA US,20100214,0.00,0.0,0.0,80,53
GHCND:USC00046263,NORTHRIDGE CAL STATE CA US,20100215,0.00,0.0,0.0,80,54
GHCND:USC00046263,NORTHRIDGE CAL STATE CA US,20100216,0.00,0.0,0.0,82,51
GHCND:USC00046263,NORTHRIDGE CAL STATE CA US,20100217,0.00,0.0,0.0,79,50
GHCND:USC00046263,NORTHRIDGE CAL STATE CA US,20100218,0.00,0.0,0.0,71,48
GHCND:USC00046263,NORTHRIDGE CAL STATE CA US,20100219,0.23,0.0,0.0,60,49
GHCND:USC00046263,NORTHRIDGE CAL STATE CA US,20100220,0.03,0.0,0.0,61,47
GHCND:USC00046263,NORTHRIDGE CAL STATE CA US,20100221,0.00,0.0,0.0,61,48
GHCND:USC00046263,NORTHRIDGE CAL STATE CA US,20100222,0.00,0.0,0.0,65,47
GHCND:USC00046263,NORTHRIDGE CAL STATE CA US,20100223,0.00,0.0,0.0,66,44
GHCND:USC00046263,NORTHRIDGE CAL STATE CA US,20100224,0.03,0.0,0.0,59,49
GHCND:USC00046263,NORTHRIDGE CAL STATE CA US,20100225,0.01,0.0,0.0,74,49
GHCND:USC00046263,NORTHRIDGE CAL STATE CA US,20100226,0.00,0.0,0.0,72,50
GHCND:USC00046263,NORTHRIDGE CAL STATE CA US,20100227,1.23,0.0,0.0,59,45
GHCND:USC00046263,NORTHRIDGE CAL STATE CA US,20100228,0.01,0.0,0.0,68,45
GHCND:USC00046263,NORTHRIDGE CAL STATE CA US,20100301,0.00,-9999,-9999,72,46
GHCND:USC00046263,NORTHRIDGE CAL STATE CA US,20100302,0.00,-9999,-9999,63,52
GHCND:USC00046263,NORTHRIDGE CAL STATE CA US,20100303,0.00,-9999,-9999,63,51
GHCND:USC00046263,NORTHRIDGE CAL STATE CA US,20100304,0.09,-9999,-9999,64,44
GHCND:USC00046263,NORTHRIDGE CAL STATE CA US,20100305,0.00,-9999,-9999,67,41
GHCND:USC00046263,NORTHRIDGE CAL STATE CA US,20100306,0.13,-9999,-9999,55,49
GHCND:USC00046263,NORTHRIDGE CAL STATE CA US,20100307,-9999,-9999,-9999,65,44
GHCND:USC00046263,NORTHRIDGE CAL STATE CA US,20100308,0.00,-9999,-9999,62,46
GHCND:USC00046263,NORTHRIDGE CAL STATE CA US,20100309,0.00,-9999,-9999,58,42
GHCND:USC00046263,NORTHRIDGE CAL STATE CA US,20100310,0.00,-9999,-9999,62,44
GHCND:USC00046263,NORTHRIDGE CAL STATE CA US,20100311,0.00,-9999,-9999,69,49
GHCND:USC00046263,NORTHRIDGE CAL STATE CA US,20100312,0.00,-9999,-9999,71,42
GHCND:USC00046263,NORTHRIDGE CAL STATE CA US,20100313,0.00,-9999,-9999,68,45
GHCND:USC00046263,NORTHRIDGE CAL STATE CA US,20100314,0.00,-9999,-9999,71,53
GHCND:USC00046263,NORTHRIDGE CAL STATE CA US,20100315,0.00,-9999,-9999,80,52
GHCND:USC00046263,NORTHRIDGE CAL STATE CA US,20100316,0.00,-9999,-9999,84,56
GHCND:USC00046263,NORTHRIDGE CAL STATE CA US,20100317,0.00,-9999,-9999,84,55
GHCND:USC00046263,NORTHRIDGE CAL STATE CA US,20100318,0.00,-9999,-9999,81,53
GHCND:USC00046263,NORTHRIDGE CAL STATE CA US,20100319,0.00,-9999,-9999,84,51
GHCND:USC00046263,NORTHRIDGE CAL STATE CA US,20100320,0.00,-9999,-9999,81,49
GHCND:USC00046263,NORTHRIDGE CAL STATE CA US,20100321,0.00,-9999,-9999,80,52
GHCND:USC00046263,NORTHRIDGE CAL STATE CA US,20100322,0.00,-9999,-9999,72,49
GHCND:USC00046263,NORTHRIDGE CAL STATE CA US,20100323,0.00,-9999,-9999,81,51
GHCND:USC00046263,NORTHRIDGE CAL STATE CA US,20100324,0.00,-9999,-9999,76,49
GHCND:USC00046263,NORTHRIDGE CAL STATE CA US,20100325,0.00,-9999,-9999,65,52
GHCND:USC00046263,NORTHRIDGE CAL STATE CA US,20100326,0.00,-9999,-9999,75,52
GHCND:USC00046263,NORTHRIDGE CAL STATE CA US,20100327,0.00,-9999,-9999,78,59
GHCND:USC00046263,NORTHRIDGE CAL STATE CA US,20100328,0.00,-9999,-9999,82,55
GHCND:USC00046263,NORTHRIDGE CAL STATE CA US,20100329,0.00,-9999,-9999,82,52
GHCND:USC00046263,NORTHRIDGE CAL STATE CA US,20100330,0.00,-9999,-9999,66,54
GHCND:USC00046263,NORTHRIDGE CAL STATE CA US,20100331,0.00,-9999,-9999,62,51
GHCND:USC00046263,NORTHRIDGE CAL STATE CA US,20100401,0.00,-9999,-9999,63,43
GHCND:USC00046263,NORTHRIDGE CAL STATE CA US,20100402,0.00,-9999,-9999,67,45
GHCND:USC00046263,NORTHRIDGE CAL STATE CA US,20100403,0.00,-9999,-9999,69,45
GHCND:USC00046263,NORTHRIDGE CAL STATE CA US,20100404,0.00,-9999,-9999,61,49
GHCND:USC00046263,NORTHRIDGE CAL STATE CA US,20100405,0.61,-9999,-9999,63,49
GHCND:USC00046263,NORTHRIDGE CAL STATE CA US,20100406,0.00,-9999,-9999,72,50
GHCND:USC00046263,NORTHRIDGE CAL STATE CA US,20100407,0.00,-9999,-9999,80,62
GHCND:USC00046263,NORTHRIDGE CAL STATE CA US,20100408,0.00,-9999,-9999,83,59
GHCND:USC00046263,NORTHRIDGE CAL STATE CA US,20100409,0.00,-9999,-9999,74,52
GHCND:USC00046263,NORTHRIDGE CAL STATE CA US,20100410,0.00,-9999,-9999,65,52
GHCND:USC00046263,NORTHRIDGE CAL STATE CA US,20100411,0.00,-9999,-9999,59,52
GHCND:USC00046263,NORTHRIDGE CAL STATE CA US,20100412,0.48,-9999,-9999,61,48
GHCND:USC00046263,NORTHRIDGE CAL STATE CA US,20100413,0.00,-9999,-9999,66,43
GHCND:USC00046263,NORTHRIDGE CAL STATE CA US,20100414,0.00,-9999,-9999,71,45
GHCND:USC00046263,NORTHRIDGE CAL STATE CA US,20100415,0.00,-9999,-9999,76,47
GHCND:USC00046263,NORTHRIDGE CAL STATE CA US,20100416,0.00,-9999,-9999,74,49
GHCND:USC00046263,NORTHRIDGE CAL STATE CA US,20100417,0.00,-9999,-9999,80,50
GHCND:USC00046263,NORTHRIDGE CAL STATE CA US,20100418,0.00,-9999,-9999,78,51
GHCND:USC00046263,NORTHRIDGE CAL STATE CA US,20100419,0.00,-9999,-9999,76,54
GHCND:USC00046263,NORTHRIDGE CAL STATE CA US,20100420,0.04,-9999,-9999,61,51
GHCND:USC00046263,NORTHRIDGE CAL STATE CA US,20100421,0.00,-9999,-9999,57,44
GHCND:USC00046263,NORTHRIDGE CAL STATE CA US,20100422,0.00,-9999,-9999,57,41
GHCND:USC00046263,NORTHRIDGE CAL STATE CA US,20100423,0.00,-9999,-9999,69,42
GHCND:USC00046263,NORTHRIDGE CAL STATE CA US,20100424,0.00,-9999,-9999,75,52
GHCND:USC00046263,NORTHRIDGE CAL STATE CA US,20100425,0.00,-9999,-9999,79,49
GHCND:USC00046263,NORTHRIDGE CAL STATE CA US,20100426,0.00,-9999,-9999,85,51
GHCND:USC00046263,NORTHRIDGE CAL STATE CA US,20100427,0.00,-9999,-9999,72,54
GHCND:USC00046263,NORTHRIDGE CAL STATE CA US,20100428,-9999,-9999,-9999,66,53
GHCND:USC00046263,NORTHRIDGE CAL STATE CA US,20100429,0.00,-9999,-9999,64,49
GHCND:USC00046263,NORTHRIDGE CAL STATE CA US,20100430,0.00,-9999,-9999,74,51
GHCND:USC00046263,NORTHRIDGE CAL STATE CA US,20100501,0.00,-9999,-9999,74,55
GHCND:USC00046263,NORTHRIDGE CAL STATE CA US,20100502,0.00,-9999,-9999,75,54
GHCND:USC00046263,NORTHRIDGE CAL STATE CA US,20100503,0.00,-9999,-9999,83,53
GHCND:USC00046263,NORTHRIDGE CAL STATE CA US,20100504,0.00,-9999,-9999,83,54
GHCND:USC00046263,NORTHRIDGE CAL STATE CA US,20100505,0.00,-9999,-9999,79,55
GHCND:USC00046263,NORTHRIDGE CAL STATE CA US,20100506,0.00,-9999,-9999,77,53
GHCND:USC00046263,NORTHRIDGE CAL STATE CA US,20100507,0.00,-9999,-9999,86,53
GHCND:USC00046263,NORTHRIDGE CAL STATE CA US,20100508,0.00,-9999,-9999,82,56
GHCND:USC00046263,NORTHRIDGE CAL STATE CA US,20100509,0.00,-9999,-9999,66,53
GHCND:USC00046263,NORTHRIDGE CAL STATE CA US,20100510,0.00,-9999,-9999,65,49
GHCND:USC00046263,NORTHRIDGE CAL STATE CA US,20100511,0.00,-9999,-9999,69,48
GHCND:USC00046263,NORTHRIDGE CAL STATE CA US,20100512,0.00,-9999,-9999,79,51
GHCND:USC00046263,NORTHRIDGE CAL STATE CA US,20100513,0.00,-9999,-9999,78,56
GHCND:USC00046263,NORTHRIDGE CAL STATE CA US,20100514,0.00,-9999,-9999,78,54
GHCND:USC00046263,NORTHRIDGE CAL STATE CA US,20100515,0.00,-9999,-9999,84,54
GHCND:USC00046263,NORTHRIDGE CAL STATE CA US,20100516,0.00,-9999,-9999,76,55
GHCND:USC00046263,NORTHRIDGE CAL STATE CA US,20100517,0.00,-9999,-9999,59,55
GHCND:USC00046263,NORTHRIDGE CAL STATE CA US,20100518,0.02,-9999,-9999,66,52
GHCND:USC00046263,NORTHRIDGE CAL STATE CA US,20100519,0.00,-9999,-9999,81,52
GHCND:USC00046263,NORTHRIDGE CAL STATE CA US,20100520,0.00,-9999,-9999,87,66
GHCND:USC00046263,NORTHRIDGE CAL STATE CA US,20100521,0.00,-9999,-9999,74,56
GHCND:USC00046263,NORTHRIDGE CAL STATE CA US,20100522,0.00,-9999,-9999,69,54
GHCND:USC00046263,NORTHRIDGE CAL STATE CA US,20100523,0.00,-9999,-9999,65,48
GHCND:USC00046263,NORTHRIDGE CAL STATE CA US,20100524,0.00,-9999,-9999,69,51
GHCND:USC00046263,NORTHRIDGE CAL STATE CA US,20100525,0.00,-9999,-9999,72,48
GHCND:USC00046263,NORTHRIDGE CAL STATE CA US,20100526,0.00,-9999,-9999,72,55
GHCND:USC00046263,NORTHRIDGE CAL STATE CA US,20100527,0.03,-9999,-9999,62,55
GHCND:USC00046263,NORTHRIDGE CAL STATE CA US,20100528,0.00,-9999,-9999,73,48
GHCND:USC00046263,NORTHRIDGE CAL STATE CA US,20100529,0.00,-9999,-9999,91,59
GHCND:USC00046263,NORTHRIDGE CAL STATE CA US,20100530,0.00,-9999,-9999,90,57
GHCND:USC00046263,NORTHRIDGE CAL STATE CA US,20100531,0.00,-9999,-9999,79,57
GHCND:USC00046263,NORTHRIDGE CAL STATE CA US,20100601,0.00,-9999,-9999,73,58
GHCND:USC00046263,NORTHRIDGE CAL STATE CA US,20100602,0.00,-9999,-9999,79,57
GHCND:USC00046263,NORTHRIDGE CAL STATE CA US,20100603,0.00,-9999,-9999,81,59
GHCND:USC00046263,NORTHRIDGE CAL STATE CA US,20100604,0.00,-9999,-9999,84,58
GHCND:USC00046263,NORTHRIDGE CAL STATE CA US,20100605,0.00,-9999,-9999,88,61
GHCND:USC00046263,NORTHRIDGE CAL STATE CA US,20100606,0.00,-9999,-9999,88,62
GHCND:USC00046263,NORTHRIDGE CAL STATE CA US,20100607,0.00,-9999,-9999,83,62
GHCND:USC00046263,NORTHRIDGE CAL STATE CA US,20100608,0.00,-9999,-9999,78,60
GHCND:USC00046263,NORTHRIDGE CAL STATE CA US,20100609,0.00,-9999,-9999,77,61
GHCND:USC00046263,NORTHRIDGE CAL STATE CA US,20100610,0.00,-9999,-9999,76,60
GHCND:USC00046263,NORTHRIDGE CAL STATE CA US,20100611,0.00,-9999,-9999,73,59
GHCND:USC00046263,NORTHRIDGE CAL STATE CA US,20100612,0.00,-9999,-9999,73,59
GHCND:USC00046263,NORTHRIDGE CAL STATE CA US,20100613,0.00,-9999,-9999,81,57
GHCND:USC00046263,NORTHRIDGE CAL STATE CA US,20100614,0.00,-9999,-9999,91,60
GHCND:USC00046263,NORTHRIDGE CAL STATE CA US,20100615,0.00,-9999,-9999,84,61
GHCND:USC00046263,NORTHRIDGE CAL STATE CA US,20100616,0.00,-9999,-9999,78,58
GHCND:USC00046263,NORTHRIDGE CAL STATE CA US,20100617,0.00,-9999,-9999,81,56
GHCND:USC00046263,NORTHRIDGE CAL STATE CA US,20100618,0.00,-9999,-9999,78,58
GHCND:USC00046263,NORTHRIDGE CAL STATE CA US,20100619,0.00,-9999,-9999,80,56
GHCND:USC00046263,NORTHRIDGE CAL STATE CA US,20100620,0.00,-9999,-9999,79,56
GHCND:USC00046263,NORTHRIDGE CAL STATE CA US,20100621,0.00,-9999,-9999,74,57
GHCND:USC00046263,NORTHRIDGE CAL STATE CA US,20100622,0.00,-9999,-9999,82,56
GHCND:USC00046263,NORTHRIDGE CAL STATE CA US,20100623,0.00,-9999,-9999,84,58
GHCND:USC00046263,NORTHRIDGE CAL STATE CA US,20100624,0.00,-9999,-9999,87,58
GHCND:USC00046263,NORTHRIDGE CAL STATE CA US,20100625,0.00,-9999,-9999,83,60
GHCND:USC00046263,NORTHRIDGE CAL STATE CA US,20100626,0.00,-9999,-9999,81,59
GHCND:USC00046263,NORTHRIDGE CAL STATE CA US,20100627,0.00,-9999,-9999,83,58
GHCND:USC00046263,NORTHRIDGE CAL STATE CA US,20100628,0.00,-9999,-9999,81,61
GHCND:USC00046263,NORTHRIDGE CAL STATE CA US,20100629,0.00,-9999,-9999,77,61
GHCND:USC00046263,NORTHRIDGE CAL STATE CA US,20100630,0.00,-9999,-9999,87,61
GHCND:USC00046263,NORTHRIDGE CAL STATE CA US,20100701,0.00,-9999,-9999,87,60
GHCND:USC00046263,NORTHRIDGE CAL STATE CA US,20100702,0.00,-9999,-9999,84,60
GHCND:USC00046263,NORTHRIDGE CAL STATE CA US,20100703,0.00,-9999,-9999,78,59
GHCND:USC00046263,NORTHRIDGE CAL STATE CA US,20100704,0.00,-9999,-9999,77,59
GHCND:USC00046263,NORTHRIDGE CAL STATE CA US,20100705,0.00,-9999,-9999,78,59
GHCND:USC00046263,NORTHRIDGE CAL STATE CA US,20100706,0.00,-9999,-9999,74,58
GHCND:USC00046263,NORTHRIDGE CAL STATE CA US,20100707,0.00,-9999,-9999,78,57
GHCND:USC00046263,NORTHRIDGE CAL STATE CA US,20100708,0.00,-9999,-9999,75,59
GHCND:USC00046263,NORTHRIDGE CAL STATE CA US,20100709,0.00,-9999,-9999,86,56
GHCND:USC00046263,NORTHRIDGE CAL STATE CA US,20100710,0.00,-9999,-9999,83,60
GHCND:USC00046263,NORTHRIDGE CAL STATE CA US,20100711,0.00,-9999,-9999,81,61
GHCND:USC00046263,NORTHRIDGE CAL STATE CA US,20100712,0.00,-9999,-9999,88,60
GHCND:USC00046263,NORTHRIDGE CAL STATE CA US,20100713,0.00,-9999,-9999,94,63
GHCND:USC00046263,NORTHRIDGE CAL STATE CA US,20100714,0.00,-9999,-9999,100,68
GHCND:USC00046263,NORTHRIDGE CAL STATE CA US,20100715,0.00,-9999,-9999,104,73
GHCND:USC00046263,NORTHRIDGE CAL STATE CA US,20100716,0.00,-9999,-9999,99,74
GHCND:USC00046263,NORTHRIDGE CAL STATE CA US,20100717,0.00,-9999,-9999,98,73
GHCND:USC00046263,NORTHRIDGE CAL STATE CA US,20100718,0.00,-9999,-9999,94,69
GHCND:USC00046263,NORTHRIDGE CAL STATE CA US,20100719,0.00,-9999,-9999,86,64
GHCND:USC00046263,NORTHRIDGE CAL STATE CA US,20100720,0.00,-9999,-9999,85,63
GHCND:USC00046263,NORTHRIDGE CAL STATE CA US,20100721,0.00,-9999,-9999,80,61
GHCND:USC00046263,NORTHRIDGE CAL STATE CA US,20100722,0.00,-9999,-9999,83,62
GHCND:USC00046263,NORTHRIDGE CAL STATE CA US,20100723,0.00,-9999,-9999,87,61
GHCND:USC00046263,NORTHRIDGE CAL STATE CA US,20100724,0.00,-9999,-9999,87,62
GHCND:USC00046263,NORTHRIDGE CAL STATE CA US,20100725,0.00,-9999,-9999,84,61
GHCND:USC00046263,NORTHRIDGE CAL STATE CA US,20100726,0.00,-9999,-9999,79,58
GHCND:USC00046263,NORTHRIDGE CAL STATE CA US,20100727,0.00,-9999,-9999,81,57
GHCND:USC00046263,NORTHRIDGE CAL STATE CA US,20100728,0.00,-9999,-9999,81,57
GHCND:USC00046263,NORTHRIDGE CAL STATE CA US,20100729,0.00,-9999,-9999,86,58
GHCND:USC00046263,NORTHRIDGE CAL STATE CA US,20100730,0.00,-9999,-9999,86,59
GHCND:USC00046263,NORTHRIDGE CAL STATE CA US,20100731,0.00,-9999,-9999,85,59
GHCND:USC00046263,NORTHRIDGE CAL STATE CA US,20100801,0.00,-9999,-9999,86,59
GHCND:USC00046263,NORTHRIDGE CAL STATE CA US,20100802,0.00,-9999,-9999,93,58
GHCND:USC00046263,NORTHRIDGE CAL STATE CA US,20100803,0.00,-9999,-9999,90,62
GHCND:USC00046263,NORTHRIDGE CAL STATE CA US,20100804,0.00,-9999,-9999,89,61
GHCND:USC00046263,NORTHRIDGE CAL STATE CA US,20100805,0.00,-9999,-9999,84,58
GHCND:USC00046263,NORTHRIDGE CAL STATE CA US,20100806,0.00,-9999,-9999,84,57
GHCND:USC00046263,NORTHRIDGE CAL STATE CA US,20100807,0.00,-9999,-9999,82,58
GHCND:USC00046263,NORTHRIDGE CAL STATE CA US,20100808,0.00,-9999,-9999,79,58
GHCND:USC00046263,NORTHRIDGE CAL STATE CA US,20100809,0.00,-9999,-9999,82,57
GHCND:USC00046263,NORTHRIDGE CAL STATE CA US,20100810,0.00,-9999,-9999,83,56
GHCND:USC00046263,NORTHRIDGE CAL STATE CA US,20100811,0.00,-9999,-9999,84,56
GHCND:USC00046263,NORTHRIDGE CAL STATE CA US,20100812,0.00,-9999,-9999,84,56
GHCND:USC00046263,NORTHRIDGE CAL STATE CA US,20100813,0.00,-9999,-9999,86,59
GHCND:USC00046263,NORTHRIDGE CAL STATE CA US,20100814,0.00,-9999,-9999,92,58
GHCND:USC00046263,NORTHRIDGE CAL STATE CA US,20100815,0.00,-9999,-9999,93,59
GHCND:USC00046263,NORTHRIDGE CAL STATE CA US,20100816,0.00,-9999,-9999,97,62
GHCND:USC00046263,NORTHRIDGE CAL STATE CA US,20100817,0.00,-9999,-9999,97,67
GHCND:USC00046263,NORTHRIDGE CAL STATE CA US,20100818,0.00,-9999,-9999,97,72
GHCND:USC00046263,NORTHRIDGE CAL STATE CA US,20100819,0.00,-9999,-9999,96,72
GHCND:USC00046263,NORTHRIDGE CAL STATE CA US,20100820,0.00,-9999,-9999,95,65
GHCND:USC00046263,NORTHRIDGE CAL STATE CA US,20100821,0.00,-9999,-9999,96,65
GHCND:USC00046263,NORTHRIDGE CAL STATE CA US,20100822,0.00,-9999,-9999,97,67
GHCND:USC00046263,NORTHRIDGE CAL STATE CA US,20100823,0.00,-9999,-9999,101,64
GHCND:USC00046263,NORTHRIDGE CAL STATE CA US,20100824,0.00,-9999,-9999,-9999,69
GHCND:USC00046263,NORTHRIDGE CAL STATE CA US,20100825,0.00,-9999,-9999,-9999,73
GHCND:USC00046263,NORTHRIDGE CAL STATE CA US,20100826,0.00,-9999,-9999,-9999,76
GHCND:USC00046263,NORTHRIDGE CAL STATE CA US,20100827,0.00,-9999,-9999,91,67
GHCND:USC00046263,NORTHRIDGE CAL STATE CA US,20100913,0.00,-9999,-9999,-9999,-9999
GHCND:USC00046263,NORTHRIDGE CAL STATE CA US,20100914,0.00,-9999,-9999,-9999,-9999
GHCND:USC00046263,NORTHRIDGE CAL STATE CA US,20100915,0.00,-9999,-9999,-9999,-9999
GHCND:USC00046263,NORTHRIDGE CAL STATE CA US,20100916,0.00,-9999,-9999,-9999,-9999
GHCND:USC00046263,NORTHRIDGE CAL STATE CA US,20100917,0.00,-9999,-9999,-9999,-9999
GHCND:USC00046263,NORTHRIDGE CAL STATE CA US,20100919,0.00,-9999,-9999,-9999,-9999
GHCND:USC00046263,NORTHRIDGE CAL STATE CA US,20100920,0.00,-9999,-9999,-9999,-9999
GHCND:USC00046263,NORTHRIDGE CAL STATE CA US,20100921,0.00,-9999,-9999,-9999,-9999
GHCND:USC00046263,NORTHRIDGE CAL STATE CA US,20100922,0.00,-9999,-9999,-9999,-9999
GHCND:USC00046263,NORTHRIDGE CAL STATE CA US,20100923,0.00,-9999,-9999,-9999,-9999
GHCND:USC00046263,NORTHRIDGE CAL STATE CA US,20100924,0.00,-9999,-9999,-9999,-9999
GHCND:USC00046263,NORTHRIDGE CAL STATE CA US,20100925,0.00,-9999,-9999,-9999,-9999
GHCND:USC00046263,NORTHRIDGE CAL STATE CA US,20100926,0.00,-9999,-9999,-9999,-9999
GHCND:USC00046263,NORTHRIDGE CAL STATE CA US,20100927,0.00,-9999,-9999,-9999,-9999
GHCND:USC00046263,NORTHRIDGE CAL STATE CA US,20100928,0.00,-9999,-9999,-9999,-9999
GHCND:USC00046263,NORTHRIDGE CAL STATE CA US,20100929,0.00,-9999,-9999,-9999,-9999
GHCND:USC00046263,NORTHRIDGE CAL STATE CA US,20100930,0.00,-9999,-9999,-9999,-9999
GHCND:USC00046263,NORTHRIDGE CAL STATE CA US,20101001,0.00,-9999,-9999,-9999,-9999
GHCND:USC00046263,NORTHRIDGE CAL STATE CA US,20101003,0.00,-9999,-9999,-9999,-9999
GHCND:USC00046263,NORTHRIDGE CAL STATE CA US,20101004,0.03,-9999,-9999,-9999,-9999
GHCND:USC00046263,NORTHRIDGE CAL STATE CA US,20101005,0.11,-9999,-9999,-9999,-9999
GHCND:USC00046263,NORTHRIDGE CAL STATE CA US,20101006,0.26,-9999,-9999,-9999,-9999
GHCND:USC00046263,NORTHRIDGE CAL STATE CA US,20101007,0.01,-9999,-9999,-9999,-9999
GHCND:USC00046263,NORTHRIDGE CAL STATE CA US,20101008,0.00,-9999,-9999,-9999,-9999
GHCND:USC00046263,NORTHRIDGE CAL STATE CA US,20101009,0.00,-9999,-9999,-9999,-9999
GHCND:USC00046263,NORTHRIDGE CAL STATE CA US,20101010,0.00,-9999,-9999,-9999,-9999
GHCND:USC00046263,NORTHRIDGE CAL STATE CA US,20101011,0.00,-9999,-9999,-9999,-9999
GHCND:USC00046263,NORTHRIDGE CAL STATE CA US,20101012,0.00,-9999,-9999,-9999,-9999
GHCND:USC00046263,NORTHRIDGE CAL STATE CA US,20101013,0.00,-9999,-9999,-9999,-9999
GHCND:USC00046263,NORTHRIDGE CAL STATE CA US,20101014,0.00,-9999,-9999,-9999,-9999
GHCND:USC00046263,NORTHRIDGE CAL STATE CA US,20101015,0.00,-9999,-9999,-9999,-9999
GHCND:USC00046263,NORTHRIDGE CAL STATE CA US,20101016,0.00,-9999,-9999,-9999,-9999
GHCND:USC00046263,NORTHRIDGE CAL STATE CA US,20101018,0.07,-9999,-9999,-9999,-9999
GHCND:USC00046263,NORTHRIDGE CAL STATE CA US,20101019,0.07,-9999,-9999,-9999,-9999
GHCND:USC00046263,NORTHRIDGE CAL STATE CA US,20101020,0.35,-9999,-9999,-9999,-9999
GHCND:USC00046263,NORTHRIDGE CAL STATE CA US,20101021,0.00,-9999,-9999,-9999,-9999
GHCND:USC00046263,NORTHRIDGE CAL STATE CA US,20101022,0.01,-9999,-9999,-9999,-9999
GHCND:USC00046263,NORTHRIDGE CAL STATE CA US,20101023,0.00,-9999,-9999,-9999,-9999
GHCND:USC00046263,NORTHRIDGE CAL STATE CA US,20101024,0.00,-9999,-9999,-9999,-9999
GHCND:USC00046263,NORTHRIDGE CAL STATE CA US,20101025,0.49,-9999,-9999,-9999,-9999
GHCND:USC00046263,NORTHRIDGE CAL STATE CA US,20101026,0.00,-9999,-9999,-9999,-9999
GHCND:USC00046263,NORTHRIDGE CAL STATE CA US,20101027,0.00,-9999,-9999,-9999,-9999
GHCND:USC00046263,NORTHRIDGE CAL STATE CA US,20101028,0.00,-9999,-9999,-9999,-9999
GHCND:USC00046263,NORTHRIDGE CAL STATE CA US,20101029,0.00,-9999,-9999,-9999,-9999
GHCND:USC00046263,NORTHRIDGE CAL STATE CA US,20101030,0.41,-9999,-9999,-9999,-9999
GHCND:USC00046263,NORTHRIDGE CAL STATE CA US,20101031,0.00,-9999,-9999,-9999,-9999
GHCND:USC00046263,NORTHRIDGE CAL STATE CA US,20101101,0.00,-9999,-9999,-9999,-9999
GHCND:USC00046263,NORTHRIDGE CAL STATE CA US,20101102,0.00,-9999,-9999,-9999,-9999
GHCND:USC00046263,NORTHRIDGE CAL STATE CA US,20101103,0.00,-9999,-9999,-9999,-9999
GHCND:USC00046263,NORTHRIDGE CAL STATE CA US,20101104,0.00,-9999,-9999,-9999,-9999
GHCND:USC00046263,NORTHRIDGE CAL STATE CA US,20101105,0.00,-9999,-9999,-9999,-9999
GHCND:USC00046263,NORTHRIDGE CAL STATE CA US,20101106,0.00,-9999,-9999,-9999,-9999
GHCND:USC00046263,NORTHRIDGE CAL STATE CA US,20101107,0.00,-9999,-9999,-9999,-9999
GHCND:USC00046263,NORTHRIDGE CAL STATE CA US,20101108,0.19,-9999,-9999,-9999,-9999
GHCND:USC00046263,NORTHRIDGE CAL STATE CA US,20101109,0.00,-9999,-9999,-9999,-9999
GHCND:USC00046263,NORTHRIDGE CAL STATE CA US,20101110,0.00,-9999,-9999,-9999,-9999
GHCND:USC00046263,NORTHRIDGE CAL STATE CA US,20101111,0.00,-9999,-9999,-9999,-9999
GHCND:USC00046263,NORTHRIDGE CAL STATE CA US,20101112,0.00,-9999,-9999,-9999,-9999
GHCND:USC00046263,NORTHRIDGE CAL STATE CA US,20101113,0.00,-9999,-9999,-9999,-9999
GHCND:USC00046263,NORTHRIDGE CAL STATE CA US,20101114,0.00,-9999,-9999,-9999,-9999
GHCND:USC00046263,NORTHRIDGE CAL STATE CA US,20101115,0.00,-9999,-9999,-9999,-9999
GHCND:USC00046263,NORTHRIDGE CAL STATE CA US,20101116,0.00,-9999,-9999,-9999,-9999
GHCND:USC00046263,NORTHRIDGE CAL STATE CA US,20101117,0.00,-9999,-9999,-9999,-9999
GHCND:USC00046263,NORTHRIDGE CAL STATE CA US,20101118,0.00,-9999,-9999,-9999,-9999
GHCND:USC00046263,NORTHRIDGE CAL STATE CA US,20101119,0.00,-9999,-9999,-9999,-9999
GHCND:USC00046263,NORTHRIDGE CAL STATE CA US,20101120,0.53,-9999,-9999,-9999,-9999
GHCND:USC00046263,NORTHRIDGE CAL STATE CA US,20101121,0.37,-9999,-9999,-9999,-9999
GHCND:USC00046263,NORTHRIDGE CAL STATE CA US,20101122,0.00,-9999,-9999,-9999,-9999
GHCND:USC00046263,NORTHRIDGE CAL STATE CA US,20101123,0.00,-9999,-9999,-9999,-9999
GHCND:USC00046263,NORTHRIDGE CAL STATE CA US,20101124,0.00,-9999,-9999,-9999,-9999
GHCND:USC00046263,NORTHRIDGE CAL STATE CA US,20101125,0.00,-9999,-9999,-9999,-9999
GHCND:USC00046263,NORTHRIDGE CAL STATE CA US,20101126,0.00,-9999,-9999,-9999,-9999
GHCND:USC00046263,NORTHRIDGE CAL STATE CA US,20101127,0.00,-9999,-9999,-9999,-9999
GHCND:USC00046263,NORTHRIDGE CAL STATE CA US,20101130,0.00,-9999,-9999,-9999,-9999
GHCND:USC00046263,NORTHRIDGE CAL STATE CA US,20101201,0.00,-9999,-9999,-9999,-9999
GHCND:USC00046263,NORTHRIDGE CAL STATE CA US,20101202,0.00,-9999,-9999,-9999,-9999
GHCND:USC00046263,NORTHRIDGE CAL STATE CA US,20101203,0.00,-9999,-9999,-9999,-9999
GHCND:USC00046263,NORTHRIDGE CAL STATE CA US,20101204,0.00,-9999,-9999,-9999,-9999
GHCND:USC00046263,NORTHRIDGE CAL STATE CA US,20101205,0.00,-9999,-9999,-9999,-9999
GHCND:USC00046263,NORTHRIDGE CAL STATE CA US,20101206,0.36,-9999,-9999,-9999,-9999
GHCND:USC00046263,NORTHRIDGE CAL STATE CA US,20101207,0.00,-9999,-9999,-9999,-9999
GHCND:USC00046263,NORTHRIDGE CAL STATE CA US,20101208,0.00,-9999,-9999,-9999,-9999
GHCND:USC00046263,NORTHRIDGE CAL STATE CA US,20101209,0.00,-9999,-9999,-9999,-9999
GHCND:USC00046263,NORTHRIDGE CAL STATE CA US,20101210,0.00,-9999,-9999,-9999,-9999
GHCND:USC00046263,NORTHRIDGE CAL STATE CA US,20101211,0.00,-9999,-9999,-9999,-9999
GHCND:USC00046263,NORTHRIDGE CAL STATE CA US,20101212,0.00,-9999,-9999,-9999,-9999
GHCND:USC00046263,NORTHRIDGE CAL STATE CA US,20101213,0.00,-9999,-9999,-9999,-9999
GHCND:USC00046263,NORTHRIDGE CAL STATE CA US,20101214,0.00,-9999,-9999,-9999,-9999
GHCND:USC00046263,NORTHRIDGE CAL STATE CA US,20101215,0.05,-9999,-9999,-9999,-9999
GHCND:USC00046263,NORTHRIDGE CAL STATE CA US,20101216,0.00,-9999,-9999,-9999,-9999
GHCND:USC00046263,NORTHRIDGE CAL STATE CA US,20101217,0.08,-9999,-9999,-9999,-9999
GHCND:USC00046263,NORTHRIDGE CAL STATE CA US,20101218,1.09,-9999,-9999,-9999,-9999
GHCND:USC00046263,NORTHRIDGE CAL STATE CA US,20101219,2.65,-9999,-9999,-9999,-9999
GHCND:USC00046263,NORTHRIDGE CAL STATE CA US,20101220,1.41,-9999,-9999,-9999,-9999
GHCND:USC00046263,NORTHRIDGE CAL STATE CA US,20101221,0.48,-9999,-9999,-9999,-9999
GHCND:USC00046263,NORTHRIDGE CAL STATE CA US,20101222,1.16,-9999,-9999,-9999,-9999
GHCND:USC00046263,NORTHRIDGE CAL STATE CA US,20101223,0.02,-9999,-9999,-9999,-9999
GHCND:USC00046263,NORTHRIDGE CAL STATE CA US,20101224,0.00,-9999,-9999,-9999,-9999
GHCND:USC00046263,NORTHRIDGE CAL STATE CA US,20101225,0.00,-9999,-9999,-9999,-9999
GHCND:USC00046263,NORTHRIDGE CAL STATE CA US,20101226,0.67,-9999,-9999,-9999,-9999
GHCND:USC00046263,NORTHRIDGE CAL STATE CA US,20101227,0.00,-9999,-9999,-9999,-9999
GHCND:USC00046263,NORTHRIDGE CAL STATE CA US,20101228,0.00,-9999,-9999,-9999,-9999
GHCND:USC00046263,NORTHRIDGE CAL STATE CA US,20101229,0.55,-9999,-9999,-9999,-9999
GHCND:USC00046263,NORTHRIDGE CAL STATE CA US,20101230,0.00,-9999,-9999,-9999,-9999
GHCND:USC00046263,NORTHRIDGE CAL STATE CA US,20101231,0.00,-9999,-9999,-9999,-9999
